variante,base,variable_macro,pliegue,umbral,es_umbral_base,operaciones,precision,porcentaje_acierto,porcentaje_operaciones_positivas,retorno_neto_medio,retorno_neto_mediano,factor_beneficio,maximo_drawdown,retorno_compuesto
v41_control_macro,v41,,validacion_2023,0.4,False,116,0.4396551724137931,43.96551724137931,62.06896551724138,0.003457646051167374,0.003617562342653092,1.5936548743384986,-0.14124803789721208,0.4507058718800454
v41_control_macro,v41,,validacion_2023,0.42,False,96,0.4375,43.75,61.458333333333336,0.004507771535880324,0.004156769772228786,1.7770952899491752,-0.09683032472541164,0.5018299448494952
v41_control_macro,v41,,validacion_2023,0.44,True,77,0.4935064935064935,49.35064935064935,66.23376623376623,0.005575917712559872,0.006028209058902668,1.972432576846761,-0.0825551938323894,0.5017452615059688
v41_control_macro,v41,,validacion_2023,0.46,False,58,0.5862068965517241,58.620689655172406,65.51724137931035,0.005591013174075378,0.008002448871905599,1.9004115237208536,-0.0819542543919598,0.35798378716563595
v41_control_macro,v41,,validacion_2023,0.48,False,49,0.5306122448979592,53.06122448979592,63.26530612244898,0.004868555171525984,0.007379562301136234,1.6445625810611824,-0.09397968399845313,0.24758347631657407
v41_control_macro,v41,,validacion_2023,0.5,False,41,0.5121951219512195,51.21951219512195,63.41463414634146,0.003123618442117512,0.011236527459665635,1.389574923941295,-0.11207996841430234,0.1218841284625003
v41_control_macro,v41,,validacion_2024,0.4,False,164,0.38414634146341464,38.41463414634146,53.65853658536586,0.001398415712671945,0.0005426315333606499,1.1599816362812883,-0.23676372348774533,0.19890752082815855
v41_control_macro,v41,,validacion_2024,0.42,False,144,0.4791666666666667,47.91666666666667,60.416666666666664,0.004068884530393176,0.0044514267495408,1.5512673416561313,-0.09523061224235163,0.7234822485808359
v41_control_macro,v41,,validacion_2024,0.44,True,126,0.46825396825396826,46.82539682539682,60.317460317460316,0.0028652927343018916,0.0053591266025493365,1.348079626823793,-0.13233030283786018,0.38081383526100554
v41_control_macro,v41,,validacion_2024,0.46,False,105,0.45714285714285713,45.714285714285715,56.19047619047619,0.0017167147868277608,0.002784672890196683,1.2016420036859476,-0.21986805430664746,0.1602804524872372
v41_control_macro,v41,,validacion_2024,0.48,False,96,0.5208333333333334,52.083333333333336,56.25,0.0029933874316718755,0.004398889746356272,1.3661095300578923,-0.1886718280363784,0.2937529543948749
v41_control_macro,v41,,validacion_2024,0.5,False,85,0.5294117647058824,52.94117647058824,57.647058823529406,0.004171063281596751,0.007643789605400354,1.5037759582505448,-0.16865423286906334,0.3853658529454034
v41_dolar,v41,impulso_dolar_amplio_20s,validacion_2023,0.4,False,101,0.43564356435643564,43.56435643564357,63.366336633663366,0.00402242161641862,0.004156322255689849,1.682986523446161,-0.09916866028811788,0.4610546935570419
v41_dolar,v41,impulso_dolar_amplio_20s,validacion_2023,0.42,False,81,0.5555555555555556,55.55555555555556,62.96296296296296,0.004807172190863866,0.006028209058902668,1.7914189765096111,-0.09379914774441866,0.440830585881016
v41_dolar,v41,impulso_dolar_amplio_20s,validacion_2023,0.44,True,59,0.576271186440678,57.6271186440678,64.40677966101694,0.005087625899783331,0.008625335442674964,1.715924112873901,-0.08927138044768801,0.32265102068889684
v41_dolar,v41,impulso_dolar_amplio_20s,validacion_2023,0.46,False,51,0.5490196078431373,54.90196078431373,64.70588235294117,0.005903770422399134,0.010675536184517997,1.7489533433109232,-0.09921307046074668,0.32382426639838124
v41_dolar,v41,impulso_dolar_amplio_20s,validacion_2023,0.48,False,40,0.5,50.0,60.0,0.0025507723673395544,0.0099309314511703,1.280544349519184,-0.11456743646718293,0.09132810405106229
v41_dolar,v41,impulso_dolar_amplio_20s,validacion_2023,0.5,False,38,0.47368421052631576,47.368421052631575,57.89473684210527,0.0006209067798546195,0.006010865311075309,1.0637292751616707,-0.15327831374780243,0.009858496323356114
v41_dolar,v41,impulso_dolar_amplio_20s,validacion_2024,0.4,False,153,0.43790849673202614,43.790849673202615,57.51633986928104,0.003109573178884371,0.0030844012517728956,1.3825250998146508,-0.15892351962656426,0.534463809516049
v41_dolar,v41,impulso_dolar_amplio_20s,validacion_2024,0.42,False,137,0.46715328467153283,46.715328467153284,59.854014598540154,0.003523287361554066,0.004149854010419563,1.4681119841673942,-0.13216288030259793,0.5590612572506579
v41_dolar,v41,impulso_dolar_amplio_20s,validacion_2024,0.44,True,114,0.47368421052631576,47.368421052631575,57.89473684210527,0.0018235843876668752,0.0030084626873395645,1.2115879645421723,-0.16028028888899815,0.18989822383708765
v41_dolar,v41,impulso_dolar_amplio_20s,validacion_2024,0.46,False,97,0.4948453608247423,49.48453608247423,55.670103092783506,0.0015049305084788946,0.0033949161272605064,1.1627903391561718,-0.1881757064785603,0.12238885494551544
v41_dolar,v41,impulso_dolar_amplio_20s,validacion_2024,0.48,False,82,0.524390243902439,52.4390243902439,56.09756097560976,0.0032646722618735104,0.004958988804342091,1.3887696221742873,-0.15131524314408884,0.2725900307530309
v41_dolar,v41,impulso_dolar_amplio_20s,validacion_2024,0.5,False,77,0.5064935064935064,50.649350649350644,54.54545454545454,0.002314379174016059,0.004931877689264509,1.2735429736779313,-0.17768261652221762,0.16780100358533256
v41_tipo_real,v41,impulso_rendimiento_real_10y_20s,validacion_2023,0.4,False,127,0.4094488188976378,40.94488188976378,56.69291338582677,0.003759181540651929,0.002881710454513021,1.6788617601660076,-0.11614329093261688,0.5623450860309833
v41_tipo_real,v41,impulso_rendimiento_real_10y_20s,validacion_2023,0.42,False,107,0.45794392523364486,45.794392523364486,62.616822429906534,0.0044781235141185755,0.004156322255689849,1.7433828502371482,-0.11808199619107218,0.5669784859876701
v41_tipo_real,v41,impulso_rendimiento_real_10y_20s,validacion_2023,0.44,True,82,0.4634146341463415,46.34146341463415,60.97560975609756,0.004730122344714837,0.004292559424807219,1.7494466296860207,-0.11127333635859382,0.4382276738096449
v41_tipo_real,v41,impulso_rendimiento_real_10y_20s,validacion_2023,0.46,False,65,0.5384615384615384,53.84615384615385,61.53846153846154,0.004492000204215105,0.00442879659392459,1.6679708955485328,-0.08930735072247453,0.31165469990009576
v41_tipo_real,v41,impulso_rendimiento_real_10y_20s,validacion_2023,0.48,False,51,0.5294117647058824,52.94117647058824,60.78431372549019,0.0033405822540666917,0.006011188002630009,1.415273863787041,-0.12653603009074021,0.16525221596477913
v41_tipo_real,v41,impulso_rendimiento_real_10y_20s,validacion_2023,0.5,False,44,0.5227272727272727,52.27272727272727,61.36363636363637,0.003930214808027282,0.009911351946400027,1.4605270042194847,-0.10336518222388968,0.16878638163784632
v41_tipo_real,v41,impulso_rendimiento_real_10y_20s,validacion_2024,0.4,False,159,0.42138364779874216,42.138364779874216,57.861635220125784,0.0027003674018507107,0.0029159032503959246,1.3363601745803422,-0.16960847716965854,0.4674000094324797
v41_tipo_real,v41,impulso_rendimiento_real_10y_20s,validacion_2024,0.42,False,131,0.48091603053435117,48.091603053435115,59.541984732824424,0.003527599560308478,0.004752999488662036,1.451737728600267,-0.16175784962813566,0.52830012471257
v41_tipo_real,v41,impulso_rendimiento_real_10y_20s,validacion_2024,0.44,True,118,0.4915254237288136,49.152542372881356,59.32203389830508,0.0035676170261227476,0.003973555183419243,1.4505869761226908,-0.14946384302002114,0.47088983591743094
v41_tipo_real,v41,impulso_rendimiento_real_10y_20s,validacion_2024,0.46,False,97,0.5463917525773195,54.63917525773196,57.73195876288659,0.003661103919177173,0.003901366203496016,1.4788287737354417,-0.16810459171788938,0.38593446583706537
v41_tipo_real,v41,impulso_rendimiento_real_10y_20s,validacion_2024,0.48,False,87,0.5517241379310345,55.172413793103445,56.32183908045977,0.0028596002875554472,0.004986099919419674,1.3318874729733992,-0.18835729172516402,0.2473315203663189
v41_tipo_real,v41,impulso_rendimiento_real_10y_20s,validacion_2024,0.5,False,77,0.5324675324675324,53.246753246753244,54.54545454545454,0.0035376616724503655,0.003901366203496016,1.4176699446395238,-0.1643153813863233,0.2791474555625326
v41_credito,v41,impulso_spread_baa_20s,validacion_2023,0.4,False,116,0.43103448275862066,43.103448275862064,61.206896551724135,0.004526562942105652,0.00501392259446909,1.829828501250536,-0.10940294276941953,0.6415562165616053
v41_credito,v41,impulso_spread_baa_20s,validacion_2023,0.42,False,94,0.46808510638297873,46.808510638297875,68.08510638297872,0.004957640596142771,0.005798061707180114,1.8944106052488265,-0.12039641148403635,0.5528054703099157
v41_credito,v41,impulso_spread_baa_20s,validacion_2023,0.44,True,72,0.5,50.0,69.44444444444444,0.004031430708893132,0.006136422102097972,1.6576618846808608,-0.08744974023261864,0.3108549588681664
v41_credito,v41,impulso_spread_baa_20s,validacion_2023,0.46,False,58,0.5172413793103449,51.724137931034484,63.793103448275865,0.003469638108129263,0.006481915767871716,1.4977221414146737,-0.12008308432890802,0.2018295779522159
v41_credito,v41,impulso_spread_baa_20s,validacion_2023,0.48,False,50,0.58,57.99999999999999,66.0,0.004713235913241876,0.009509175016916727,1.6019520364634836,-0.08872424885244923,0.243119480990593
v41_credito,v41,impulso_spread_baa_20s,validacion_2023,0.5,False,46,0.5652173913043478,56.52173913043478,65.21739130434783,0.0040597298830029795,0.010067251595715865,1.5233572089686371,-0.12459366240017888,0.18665386940580753
v41_credito,v41,impulso_spread_baa_20s,validacion_2024,0.4,False,163,0.4171779141104294,41.717791411042946,55.828220858895705,0.0026291660300153735,0.0026357578382699707,1.338305479174969,-0.10593527592854357,0.46928414257736994
v41_credito,v41,impulso_spread_baa_20s,validacion_2024,0.42,False,141,0.45390070921985815,45.39007092198582,57.446808510638306,0.0029521215383813792,0.003624428370514355,1.3630707324829463,-0.15847762450385794,0.45450512735277115
v41_credito,v41,impulso_spread_baa_20s,validacion_2024,0.44,True,128,0.515625,51.5625,60.15625,0.004341379713631493,0.006158005662333267,1.5482639627674832,-0.11627149895971489,0.6738576333541246
v41_credito,v41,impulso_spread_baa_20s,validacion_2024,0.46,False,112,0.5446428571428571,54.46428571428571,60.71428571428571,0.003973685858139076,0.007914749480144145,1.499235085754825,-0.11426642921747876,0.506282426779723
v41_credito,v41,impulso_spread_baa_20s,validacion_2024,0.48,False,91,0.5604395604395604,56.043956043956044,56.043956043956044,0.0026257317704001014,0.0071475096664875845,1.3044113364538619,-0.17367271562256903,0.23388463100073897
v41_credito,v41,impulso_spread_baa_20s,validacion_2024,0.5,False,80,0.55,55.00000000000001,55.00000000000001,0.0023600471056132487,0.004958988804342091,1.2605757337644323,-0.21156865495352617,0.17562444922524612
v41_vix,v41,impulso_vix_20s,validacion_2023,0.4,False,124,0.4112903225806452,41.12903225806452,60.483870967741936,0.003718518751755736,0.00312993330585254,1.6680802699195436,-0.1170309645676002,0.5391810995158037
v41_vix,v41,impulso_vix_20s,validacion_2023,0.42,False,97,0.44329896907216493,44.329896907216494,64.94845360824742,0.005329118991934347,0.004773602625491536,2.0127583247210503,-0.08814161089786687,0.6347121469914048
v41_vix,v41,impulso_vix_20s,validacion_2023,0.44,True,71,0.5070422535211268,50.70422535211267,63.38028169014085,0.004321617935509865,0.00442879659392459,1.638538319503835,-0.09679039111957788,0.3287015220453726
v41_vix,v41,impulso_vix_20s,validacion_2023,0.46,False,57,0.5263157894736842,52.63157894736842,57.89473684210527,0.002735683817454176,0.00442879659392459,1.326760902012365,-0.1098128587625079,0.14566413826576752
v41_vix,v41,impulso_vix_20s,validacion_2023,0.48,False,49,0.5510204081632653,55.10204081632652,67.3469387755102,0.004874168611929615,0.010675536184517997,1.665786134975889,-0.09463030493670566,0.24838618150826597
v41_vix,v41,impulso_vix_20s,validacion_2023,0.5,False,41,0.5121951219512195,51.21951219512195,60.97560975609756,0.002596871293909308,0.011236527459665635,1.2909418044035728,-0.13747016449464644,0.0961586119643496
v41_vix,v41,impulso_vix_20s,validacion_2024,0.4,False,154,0.4090909090909091,40.909090909090914,55.84415584415584,0.0022358869897148945,0.0026910251055756182,1.263903645804249,-0.16926320295177966,0.3454140393447296
v41_vix,v41,impulso_vix_20s,validacion_2024,0.42,False,138,0.5289855072463768,52.89855072463768,61.59420289855072,0.004456190605117999,0.004480120401746502,1.6087844427654503,-0.10354108166673892,0.7766991551629925
v41_vix,v41,impulso_vix_20s,validacion_2024,0.44,True,117,0.49572649572649574,49.572649572649574,59.82905982905983,0.0033638852636488567,0.005345965346633564,1.4399102960996815,-0.12517666938600402,0.4336157559605611
v41_vix,v41,impulso_vix_20s,validacion_2024,0.46,False,99,0.5555555555555556,55.55555555555556,59.59595959595959,0.002954542364007583,0.007226737842447207,1.3679807210284616,-0.1794912636012499,0.3011359607480659
v41_vix,v41,impulso_vix_20s,validacion_2024,0.48,False,86,0.5348837209302325,53.48837209302325,56.97674418604651,0.002373477886969686,0.004958988804342091,1.2805848544731275,-0.1524682329842285,0.19619081753516898
v41_vix,v41,impulso_vix_20s,validacion_2024,0.5,False,78,0.5128205128205128,51.28205128205128,53.84615384615385,0.0026726988228632184,0.0035535451829067375,1.3044739684766398,-0.19170576050632204,0.20046504857836678
v41_nasdaq,v41,retorno_nasdaq100_20s,validacion_2023,0.4,False,128,0.453125,45.3125,60.9375,0.004203552642327368,0.004077394005527203,1.7895502144279716,-0.09922250346388717,0.6602366588362543
v41_nasdaq,v41,retorno_nasdaq100_20s,validacion_2023,0.42,False,98,0.46938775510204084,46.93877551020408,62.244897959183675,0.005099617783189177,0.004292559424807219,1.924246050176428,-0.11048791640145394,0.6045227401847593
v41_nasdaq,v41,retorno_nasdaq100_20s,validacion_2023,0.44,True,79,0.4810126582278481,48.10126582278481,64.55696202531645,0.004431383131846828,0.006011188002630009,1.6783290011044778,-0.09188452247580936,0.3841753114791484
v41_nasdaq,v41,retorno_nasdaq100_20s,validacion_2023,0.46,False,59,0.5254237288135594,52.54237288135594,69.49152542372882,0.003875172537345687,0.006527077163232976,1.553722627556311,-0.0756003968459209,0.23293908080890224
v41_nasdaq,v41,retorno_nasdaq100_20s,validacion_2023,0.48,False,51,0.5098039215686274,50.98039215686274,66.66666666666666,0.003924696411264126,0.008586176433134418,1.524729904028513,-0.10336518222388957,0.2006490958080791
v41_nasdaq,v41,retorno_nasdaq100_20s,validacion_2023,0.5,False,44,0.5227272727272727,52.27272727272727,61.36363636363637,0.0034474520272551375,0.009911351946400027,1.4093839455839934,-0.10336518222388968,0.1458740470887272
v41_nasdaq,v41,retorno_nasdaq100_20s,validacion_2024,0.4,False,164,0.40853658536585363,40.853658536585364,55.487804878048784,0.002351026834921108,0.0019721858649172095,1.2898446686979819,-0.14840178924488479,0.4027299687641277
v41_nasdaq,v41,retorno_nasdaq100_20s,validacion_2024,0.42,False,143,0.46853146853146854,46.85314685314685,59.44055944055944,0.0037606564452271588,0.004149854010419563,1.490079940542828,-0.10778275207114818,0.6417186258349361
v41_nasdaq,v41,retorno_nasdaq100_20s,validacion_2024,0.44,True,130,0.5076923076923077,50.76923076923077,60.76923076923077,0.0036868037744042085,0.0053591266025493365,1.4495757883453686,-0.13754458548648918,0.5491667029532725
v41_nasdaq,v41,retorno_nasdaq100_20s,validacion_2024,0.46,False,105,0.4666666666666667,46.666666666666664,58.0952380952381,0.0022526169222969196,0.003927437358672737,1.2661441576444494,-0.16851275822674006,0.22676890472918787
v41_nasdaq,v41,retorno_nasdaq100_20s,validacion_2024,0.48,False,91,0.5164835164835165,51.64835164835166,58.24175824175825,0.0025883470982129035,0.004986099919419674,1.2982861650848163,-0.1559071091758979,0.23066016954400026
v41_nasdaq,v41,retorno_nasdaq100_20s,validacion_2024,0.5,False,82,0.5365853658536586,53.65853658536586,57.3170731707317,0.0037581838404843666,0.006792130001780806,1.459374561497591,-0.16112810008058243,0.32341197026987234
v41_reservas_fed,v41,impulso_reservas_fed_4s,validacion_2023,0.4,False,128,0.4296875,42.96875,59.375,0.004159487344700398,0.004077394005527203,1.7728827239082283,-0.10279521554905258,0.6523920709460775
v41_reservas_fed,v41,impulso_reservas_fed_4s,validacion_2023,0.42,False,102,0.45098039215686275,45.09803921568628,61.76470588235294,0.004157058483256568,0.004292559424807219,1.7028036881336452,-0.10207946065164675,0.4872539796132449
v41_reservas_fed,v41,impulso_reservas_fed_4s,validacion_2023,0.44,True,76,0.47368421052631576,47.368421052631575,67.10526315789474,0.0060182517030054235,0.006136422102097972,2.067768189675975,-0.08665963799208398,0.5429050334466372
v41_reservas_fed,v41,impulso_reservas_fed_4s,validacion_2023,0.46,False,61,0.5245901639344263,52.459016393442624,65.57377049180327,0.005056333657367174,0.006028209058902668,1.7909511231374606,-0.093061184461802,0.33474209978581837
v41_reservas_fed,v41,impulso_reservas_fed_4s,validacion_2023,0.48,False,50,0.48,48.0,62.0,0.0029187758298144907,0.005083755129159929,1.3720438768921317,-0.12675369474500153,0.13894849838782974
v41_reservas_fed,v41,impulso_reservas_fed_4s,validacion_2023,0.5,False,41,0.4634146341463415,46.34146341463415,60.97560975609756,0.0013991554680394408,0.004156322255689849,1.1607437753066807,-0.14872343477572525,0.04503600013071907
v41_reservas_fed,v41,impulso_reservas_fed_4s,validacion_2024,0.4,False,153,0.43137254901960786,43.13725490196079,58.82352941176471,0.003149444432241695,0.0030844012517728956,1.3995751768892848,-0.13884008097780254,0.5433525546604501
v41_reservas_fed,v41,impulso_reservas_fed_4s,validacion_2024,0.42,False,135,0.4666666666666667,46.666666666666664,59.25925925925925,0.0035481382963605894,0.0038707816124331504,1.4762852721868263,-0.1645713177568613,0.5550963443393571
v41_reservas_fed,v41,impulso_reservas_fed_4s,validacion_2024,0.44,True,116,0.5,50.0,60.3448275862069,0.004083354603700438,0.004480120401746502,1.526315689386557,-0.12632292548099122,0.5506125372269786
v41_reservas_fed,v41,impulso_reservas_fed_4s,validacion_2024,0.46,False,94,0.5319148936170213,53.191489361702125,57.446808510638306,0.0032851294084328395,0.004443733061457845,1.401762751680382,-0.1747900361847542,0.32274408562274504
v41_reservas_fed,v41,impulso_reservas_fed_4s,validacion_2024,0.48,False,88,0.5454545454545454,54.54545454545454,57.95454545454546,0.0036637977535658476,0.0063040714880454604,1.449346849103,-0.1592202403741324,0.34226367423722426
v41_reservas_fed,v41,impulso_reservas_fed_4s,validacion_2024,0.5,False,81,0.5185185185185185,51.85185185185185,58.0246913580247,0.004624642814158819,0.007643789605400354,1.5961839570268614,-0.15065130015198935,0.414129563425762
v45_control_macro,v45,,validacion_2023,0.4,False,96,0.4583333333333333,45.83333333333333,68.75,0.006440301734428018,0.005632918978355606,2.27862893270818,-0.0676497984797152,0.8062286277604669
v45_control_macro,v45,,validacion_2023,0.42,True,79,0.4936708860759494,49.36708860759494,65.82278481012658,0.0053394138521687525,0.005901934577804747,1.958193572503436,-0.08746295524234893,0.49192291669135213
v45_control_macro,v45,,validacion_2023,0.44,False,61,0.5245901639344263,52.459016393442624,65.57377049180327,0.005963953837032199,0.009180467157180794,1.9215186328951928,-0.09982063655928652,0.40936902601610026
v45_control_macro,v45,,validacion_2023,0.46,False,49,0.5306122448979592,53.06122448979592,63.26530612244898,0.00478103573535271,0.008625335442674964,1.6042842370072532,-0.08890020759610473,0.24097837001696676
v45_control_macro,v45,,validacion_2023,0.48,False,42,0.5238095238095238,52.38095238095239,61.904761904761905,0.003410020610124314,0.0099309314511703,1.3877561288056928,-0.10854435584074551,0.13620965971488608
v45_control_macro,v45,,validacion_2023,0.5,False,41,0.5121951219512195,51.21951219512195,60.97560975609756,0.0034514730992066377,0.011236527459665635,1.389097267202466,-0.10336518222388935,0.13443913942670394
v45_control_macro,v45,,validacion_2024,0.4,False,146,0.4315068493150685,43.15068493150685,54.109589041095894,0.003703555499494257,0.002639225169160598,1.511140064516182,-0.09712451615351447,0.6497831299922439
v45_control_macro,v45,,validacion_2024,0.42,True,130,0.46153846153846156,46.15384615384615,59.23076923076923,0.004127534491463495,0.0036694840222176736,1.570160359699161,-0.11861221879850714,0.6481286473657459
v45_control_macro,v45,,validacion_2024,0.44,False,115,0.4608695652173913,46.08695652173913,58.26086956521739,0.0033903210933885304,0.0033949161272605064,1.4595688987482196,-0.16111595430210357,0.4304074084671716
v45_control_macro,v45,,validacion_2024,0.46,False,95,0.47368421052631576,47.368421052631575,61.05263157894737,0.0037658578988084696,0.004251556016597547,1.5006909059477997,-0.13740983587555589,0.38866773466009885
v45_control_macro,v45,,validacion_2024,0.48,False,83,0.5060240963855421,50.602409638554214,55.42168674698795,0.0034311423817016424,0.004773280445256823,1.4487791917740138,-0.15872074036661776,0.29708027675073057
v45_control_macro,v45,,validacion_2024,0.5,False,76,0.5,50.0,60.526315789473685,0.004017194344460488,0.007761583681701989,1.5030407399437602,-0.17470417269320326,0.32237274155781326
v45_dolar,v45,impulso_dolar_amplio_20s,validacion_2023,0.4,False,77,0.4935064935064935,49.35064935064935,66.23376623376623,0.004505132662208681,0.00601054261952061,1.7166947257255352,-0.09107278901536764,0.3816364297543926
v45_dolar,v45,impulso_dolar_amplio_20s,validacion_2023,0.42,True,57,0.47368421052631576,47.368421052631575,61.40350877192983,0.003098305873580961,0.006011188002630009,1.3861094966571947,-0.09812595731552243,0.17005893852593723
v45_dolar,v45,impulso_dolar_amplio_20s,validacion_2023,0.44,False,48,0.5208333333333334,52.083333333333336,64.58333333333334,0.0021597759129763708,0.007509312242182209,1.247712307010894,-0.15463866873607734,0.09141993103220658
v45_dolar,v45,impulso_dolar_amplio_20s,validacion_2023,0.46,False,39,0.46153846153846156,46.15384615384615,58.97435897435898,0.0016562298748957333,0.006393289041689455,1.173265326276,-0.11366110884203984,0.05091049864680608
v45_dolar,v45,impulso_dolar_amplio_20s,validacion_2023,0.48,False,37,0.4594594594594595,45.94594594594595,56.75675675675676,0.0019003583104118913,0.008625335442674964,1.193634872647469,-0.10993729746401137,0.05736321087751439
v45_dolar,v45,impulso_dolar_amplio_20s,validacion_2023,0.5,False,34,0.5,50.0,61.76470588235294,0.002724383994119385,0.010213538844381143,1.2799506735402095,-0.09728489465757939,0.08152972574370332
v45_dolar,v45,impulso_dolar_amplio_20s,validacion_2024,0.4,False,130,0.47692307692307695,47.69230769230769,56.15384615384615,0.003853238156136613,0.003571429833201579,1.5365383588339458,-0.13286538711062112,0.591467620978158
v45_dolar,v45,impulso_dolar_amplio_20s,validacion_2024,0.42,True,117,0.4700854700854701,47.008547008547005,61.53846153846154,0.004803253198290444,0.005819352214908925,1.7532467777137088,-0.1070424253781006,0.7017966490283385
v45_dolar,v45,impulso_dolar_amplio_20s,validacion_2024,0.44,False,97,0.5051546391752577,50.51546391752577,62.88659793814433,0.005644818197316366,0.005535573009230022,1.9165517710534483,-0.08920507966508862,0.6824835474900399
v45_dolar,v45,impulso_dolar_amplio_20s,validacion_2024,0.46,False,84,0.4880952380952381,48.80952380952381,59.523809523809526,0.004091266236651158,0.0048982433562465575,1.559817348118201,-0.1015419782760173,0.3741830717503736
v45_dolar,v45,impulso_dolar_amplio_20s,validacion_2024,0.48,False,68,0.45588235294117646,45.588235294117645,57.35294117647059,0.0034412238203097023,0.0030974534294951903,1.3941121456607333,-0.1278612680658987,0.23236433021077918
v45_dolar,v45,impulso_dolar_amplio_20s,validacion_2024,0.5,False,63,0.4603174603174603,46.03174603174603,60.317460317460316,0.0037224973124406614,0.002784672890196683,1.4624064675613424,-0.10475413114646825,0.23737683214531224
v45_tipo_real,v45,impulso_rendimiento_real_10y_20s,validacion_2023,0.4,False,98,0.4489795918367347,44.89795918367347,65.3061224489796,0.005136115663660113,0.0050002228570401605,1.9445837037029388,-0.07509567372597159,0.6110084231793762
v45_tipo_real,v45,impulso_rendimiento_real_10y_20s,validacion_2023,0.42,True,78,0.48717948717948717,48.717948717948715,64.1025641025641,0.004372223902378405,0.005170145242568759,1.7038382411587545,-0.10559184532232979,0.37322641558956726
v45_tipo_real,v45,impulso_rendimiento_real_10y_20s,validacion_2023,0.44,False,63,0.5238095238095238,52.38095238095239,63.49206349206349,0.00473656610412758,0.006393289041689455,1.6865735393096561,-0.10586037261373349,0.3199719387457831
v45_tipo_real,v45,impulso_rendimiento_real_10y_20s,validacion_2023,0.46,False,49,0.5510204081632653,55.10204081632652,65.3061224489796,0.003508451364634114,0.007616726513673623,1.4632087996609007,-0.13625717542700966,0.16921433120802365
v45_tipo_real,v45,impulso_rendimiento_real_10y_20s,validacion_2023,0.48,False,44,0.5,50.0,61.36363636363637,0.003039965188374463,0.007005007777681539,1.3481549709058696,-0.13158136343999471,0.12423375763793842
v45_tipo_real,v45,impulso_rendimiento_real_10y_20s,validacion_2023,0.5,False,41,0.4634146341463415,46.34146341463415,58.536585365853654,0.0012866699748347852,0.00601054261952061,1.1372880309856326,-0.1354768838739937,0.03894741023474313
v45_tipo_real,v45,impulso_rendimiento_real_10y_20s,validacion_2024,0.4,False,150,0.44666666666666666,44.666666666666664,56.00000000000001,0.002973800793851691,0.0031631922891065542,1.394101887752512,-0.11482941245564404,0.4997355904362246
v45_tipo_real,v45,impulso_rendimiento_real_10y_20s,validacion_2024,0.42,True,131,0.5038167938931297,50.38167938931297,59.541984732824424,0.004803453250210311,0.004810386793073441,1.7426827916627268,-0.1130916376849368,0.8134177296113279
v45_tipo_real,v45,impulso_rendimiento_real_10y_20s,validacion_2024,0.44,False,113,0.49557522123893805,49.557522123893804,57.52212389380531,0.004627242618345842,0.0029728485082488607,1.674152037587921,-0.12827272501997922,0.6332312613693394
v45_tipo_real,v45,impulso_rendimiento_real_10y_20s,validacion_2024,0.46,False,95,0.5052631578947369,50.526315789473685,58.94736842105262,0.003548275191254485,0.0033949161272605064,1.4759164914164609,-0.14650342754108103,0.36437640520386627
v45_tipo_real,v45,impulso_rendimiento_real_10y_20s,validacion_2024,0.48,False,83,0.5542168674698795,55.42168674698795,61.44578313253012,0.004411060056807068,0.007879377758003625,1.6334982744782955,-0.12912507132421824,0.4090582466671995
v45_tipo_real,v45,impulso_rendimiento_real_10y_20s,validacion_2024,0.5,False,72,0.4583333333333333,45.83333333333333,59.72222222222222,0.002950716499697348,0.007761583681701989,1.3332125002231179,-0.16206516562558948,0.205249123899498
v45_credito,v45,impulso_spread_baa_20s,validacion_2023,0.4,False,79,0.4810126582278481,48.10126582278481,65.82278481012658,0.004635221427680646,0.005901934577804747,1.7535945259220027,-0.11568856725167342,0.4085445920437505
v45_credito,v45,impulso_spread_baa_20s,validacion_2023,0.42,True,60,0.48333333333333334,48.333333333333336,66.66666666666666,0.0041001807037500506,0.0059562385986626784,1.6084553165913313,-0.12712343607854226,0.2545623937116772
v45_credito,v45,impulso_spread_baa_20s,validacion_2023,0.44,False,48,0.5,50.0,62.5,0.002994968096790502,0.006886425671412844,1.3622205007154633,-0.11252235593540072,0.13468425839337494
v45_credito,v45,impulso_spread_baa_20s,validacion_2023,0.46,False,46,0.5217391304347826,52.17391304347826,63.04347826086957,0.003304318438110962,0.008026333097189475,1.3862760706714647,-0.09726427317771613,0.14512143654548249
v45_credito,v45,impulso_spread_baa_20s,validacion_2023,0.48,False,41,0.4878048780487805,48.78048780487805,60.97560975609756,0.002171851806445397,0.008625335442674964,1.2328211130073612,-0.12761475352615026,0.0764038714320443
v45_credito,v45,impulso_spread_baa_20s,validacion_2023,0.5,False,38,0.47368421052631576,47.368421052631575,60.526315789473685,0.0028956294008012713,0.00965043581359648,1.3257705106497704,-0.10412507763366097,0.10054171267662593
v45_credito,v45,impulso_spread_baa_20s,validacion_2024,0.4,False,144,0.4166666666666667,41.66666666666667,54.166666666666664,0.002412855951736904,0.001772976809576999,1.303814092808029,-0.12980081401588062,0.3601985177924796
v45_credito,v45,impulso_spread_baa_20s,validacion_2024,0.42,True,127,0.49606299212598426,49.60629921259843,56.69291338582677,0.0036525701672359846,0.0038707816124331504,1.4774651512386747,-0.1570330761399068,0.5322888950863112
v45_credito,v45,impulso_spread_baa_20s,validacion_2024,0.44,False,114,0.5,50.0,56.14035087719298,0.004300755190402182,0.0037116270435668683,1.5879966131907588,-0.12470512882391649,0.5777932669829979
v45_credito,v45,impulso_spread_baa_20s,validacion_2024,0.46,False,98,0.47959183673469385,47.95918367346938,59.183673469387756,0.004788123799751982,0.0060503363295186805,1.7154127003900879,-0.09574306873128591,0.5575642533978145
v45_credito,v45,impulso_spread_baa_20s,validacion_2024,0.48,False,82,0.4878048780487805,48.78048780487805,58.536585365853654,0.0031674785327540306,0.006792130001780806,1.4033705033760837,-0.13636438369651827,0.2676346069203477
v45_credito,v45,impulso_spread_baa_20s,validacion_2024,0.5,False,74,0.5,50.0,62.16216216216216,0.004122892579437169,0.00791619911867747,1.5061361434270082,-0.1321957376741807,0.32423127776302474
v45_vix,v45,impulso_vix_20s,validacion_2023,0.4,False,104,0.4230769230769231,42.30769230769231,67.3076923076923,0.004955489260039079,0.004089378048331206,1.961960164512929,-0.07716363022531836,0.6291244368672744
v45_vix,v45,impulso_vix_20s,validacion_2023,0.42,True,82,0.4634146341463415,46.34146341463415,64.63414634146342,0.0038709551052009397,0.004213631174644573,1.67774082473451,-0.08608648044532241,0.34665444716889193
v45_vix,v45,impulso_vix_20s,validacion_2023,0.44,False,66,0.4696969696969697,46.96969696969697,66.66666666666666,0.00498094688467033,0.006703885680019451,1.7582713368247167,-0.0858727173623689,0.35794227769881437
v45_vix,v45,impulso_vix_20s,validacion_2023,0.46,False,52,0.46153846153846156,46.15384615384615,61.53846153846154,0.002830670415928771,0.006010865311075309,1.3443812409699936,-0.10716493085261003,0.13737384257283214
v45_vix,v45,impulso_vix_20s,validacion_2023,0.48,False,48,0.5,50.0,64.58333333333334,0.0035242312076000787,0.007752196609292161,1.4316371268212387,-0.14623755750724043,0.1641093058163987
v45_vix,v45,impulso_vix_20s,validacion_2023,0.5,False,44,0.4772727272727273,47.72727272727273,61.36363636363637,0.0024927814681197243,0.006210749050296061,1.2854424345863846,-0.1371260111864503,0.09916801987567703
v45_vix,v45,impulso_vix_20s,validacion_2024,0.4,False,159,0.4025157232704403,40.25157232704403,54.088050314465406,0.0027053606822394177,0.0013086138915644483,1.3589342265821596,-0.148917657315216,0.4730284408959353
v45_vix,v45,impulso_vix_20s,validacion_2024,0.42,True,140,0.44285714285714284,44.285714285714285,57.14285714285714,0.003576776141750055,0.0027654826315389744,1.4913677026028367,-0.1079829025835134,0.5852252963290612
v45_vix,v45,impulso_vix_20s,validacion_2024,0.44,False,121,0.48760330578512395,48.760330578512395,56.19834710743802,0.00432345891630591,0.0029325241229062335,1.6354879684583712,-0.1024121255989433,0.6327249486593689
v45_vix,v45,impulso_vix_20s,validacion_2024,0.46,False,105,0.47619047619047616,47.61904761904761,58.0952380952381,0.0026366522063067535,0.0029728485082488607,1.3455508007875627,-0.14246910748203623,0.2813313745466064
v45_vix,v45,impulso_vix_20s,validacion_2024,0.48,False,88,0.48863636363636365,48.86363636363637,55.68181818181818,0.0023677273960986856,0.003123124292481517,1.2844606501216502,-0.18438555755816255,0.19977265565004187
v45_vix,v45,impulso_vix_20s,validacion_2024,0.5,False,80,0.5125,51.24999999999999,60.0,0.004069404074269913,0.0063040714880454604,1.524459375718207,-0.1693289701544365,0.3494470338908373
v45_nasdaq,v45,retorno_nasdaq100_20s,validacion_2023,0.4,False,95,0.43157894736842106,43.15789473684211,65.26315789473685,0.004994000944694793,0.00442879659392459,1.9138579048910616,-0.09266327233012206,0.5642122812594592
v45_nasdaq,v45,retorno_nasdaq100_20s,validacion_2023,0.42,True,79,0.46835443037974683,46.835443037974684,67.08860759493672,0.004078643236076193,0.004773602625491536,1.668105274129468,-0.12243439213720331,0.348918691399448
v45_nasdaq,v45,retorno_nasdaq100_20s,validacion_2023,0.44,False,63,0.5396825396825397,53.96825396825397,66.66666666666666,0.004486842097708855,0.006244635145293277,1.6841597278711915,-0.09602545657292749,0.299569917924972
v45_nasdaq,v45,retorno_nasdaq100_20s,validacion_2023,0.46,False,53,0.5094339622641509,50.943396226415096,60.37735849056604,0.003556716110981674,0.006527077163232976,1.4263632526221133,-0.10470577556797345,0.18384412987558063
v45_nasdaq,v45,retorno_nasdaq100_20s,validacion_2023,0.48,False,46,0.4782608695652174,47.82608695652174,58.69565217391305,0.0022979370832859444,0.006010865311075309,1.260940794044795,-0.13753932576658434,0.09291391427730877
v45_nasdaq,v45,retorno_nasdaq100_20s,validacion_2023,0.5,False,41,0.4878048780487805,48.78048780487805,58.536585365853654,0.002822015564030308,0.006527077163232976,1.3061212846635222,-0.11192512437112123,0.10388646929278944
v45_nasdaq,v45,retorno_nasdaq100_20s,validacion_2024,0.4,False,156,0.4423076923076923,44.230769230769226,57.05128205128205,0.0032397595392888454,0.002850288070296304,1.43242577455754,-0.11776792774872347,0.5884463491815413
v45_nasdaq,v45,retorno_nasdaq100_20s,validacion_2024,0.42,True,139,0.45323741007194246,45.32374100719424,58.27338129496403,0.0043711997306057964,0.004149854010419563,1.6192638111795645,-0.0937366708833014,0.7676326579079744
v45_nasdaq,v45,retorno_nasdaq100_20s,validacion_2024,0.44,False,119,0.5042016806722689,50.42016806722689,57.98319327731093,0.004166571910339538,0.0029325241229062335,1.5935408914874702,-0.116271498959715,0.5879993985098493
v45_nasdaq,v45,retorno_nasdaq100_20s,validacion_2024,0.46,False,103,0.46601941747572817,46.601941747572816,57.28155339805825,0.0036703631979839273,0.0032734000767141733,1.5021299009646218,-0.12603773823460684,0.4180346813431737
v45_nasdaq,v45,retorno_nasdaq100_20s,validacion_2024,0.48,False,87,0.5057471264367817,50.57471264367817,58.620689655172406,0.0035131921660444985,0.004986099919419674,1.4519202853384607,-0.15406570626189686,0.32243411069963
v45_nasdaq,v45,retorno_nasdaq100_20s,validacion_2024,0.5,False,75,0.49333333333333335,49.333333333333336,57.333333333333336,0.0030181951755623806,0.004986099919419674,1.362920178928261,-0.15031648234562534,0.22498292956433685
v45_reservas_fed,v45,impulso_reservas_fed_4s,validacion_2023,0.4,False,115,0.4260869565217391,42.608695652173914,62.60869565217392,0.004593173421487166,0.004240687801707722,1.8473960231432767,-0.07174744639526986,0.6468912677155643
v45_reservas_fed,v45,impulso_reservas_fed_4s,validacion_2023,0.42,True,95,0.45263157894736844,45.26315789473684,64.21052631578948,0.004063689690102397,0.004156322255689849,1.7167703191055448,-0.07622050960896931,0.43515027654662153
v45_reservas_fed,v45,impulso_reservas_fed_4s,validacion_2023,0.44,False,76,0.5,50.0,68.42105263157895,0.0059599851315396205,0.006136422102097972,2.075834229531771,-0.07256705888112736,0.5380736877847296
v45_reservas_fed,v45,impulso_reservas_fed_4s,validacion_2023,0.46,False,72,0.5416666666666666,54.166666666666664,69.44444444444444,0.006593493116806505,0.0070173871389398465,2.1539737583391387,-0.07480015602912682,0.5711201080836881
v45_reservas_fed,v45,impulso_reservas_fed_4s,validacion_2023,0.48,False,59,0.4745762711864407,47.45762711864407,64.40677966101694,0.003696634147240296,0.006008276780356981,1.5325289248922898,-0.12918007327255387,0.22080404814407162
v45_reservas_fed,v45,impulso_reservas_fed_4s,validacion_2023,0.5,False,55,0.4727272727272727,47.27272727272727,60.0,0.003700309912570554,0.007641485236190238,1.4846760378070747,-0.11955355931280398,0.20290523985194486
v45_reservas_fed,v45,impulso_reservas_fed_4s,validacion_2024,0.4,False,143,0.43356643356643354,43.35664335664335,56.64335664335665,0.003618362881562947,0.003345603309984236,1.478226608710552,-0.11710270189821181,0.6129097319812005
v45_reservas_fed,v45,impulso_reservas_fed_4s,validacion_2024,0.42,True,124,0.46774193548387094,46.774193548387096,54.83870967741935,0.00399120193706178,0.0033850524323338913,1.5509217871629217,-0.18123366879891445,0.5834703581602882
v45_reservas_fed,v45,impulso_reservas_fed_4s,validacion_2024,0.44,False,106,0.4716981132075472,47.16981132075472,57.54716981132076,0.004536510836040426,0.004368912075873089,1.62724057658126,-0.11952319997856531,0.5670405421457363
v45_reservas_fed,v45,impulso_reservas_fed_4s,validacion_2024,0.46,False,97,0.4948453608247423,49.48453608247423,58.76288659793815,0.004300318873483532,0.003901366203496016,1.5779470175204169,-0.1436572702966027,0.47291984754282246
v45_reservas_fed,v45,impulso_reservas_fed_4s,validacion_2024,0.48,False,78,0.5,50.0,60.256410256410255,0.004464658966889994,0.00710458624378807,1.5826287482262444,-0.1466804926808617,0.38086264058594965
v45_reservas_fed,v45,impulso_reservas_fed_4s,validacion_2024,0.5,False,67,0.4626865671641791,46.26865671641791,62.68656716417911,0.004645760420296832,0.007879377758003625,1.5646695753823752,-0.11237804487686509,0.33207508499971894
