multiplicador_baja,multiplicador_neutral,multiplicador_sube,accuracy,balanced_accuracy,f1_macro,predicciones_baja,predicciones_neutral,predicciones_sube,porcentaje_predicho_baja,porcentaje_predicho_neutral,porcentaje_predicho_sube
1.4,1.0,1.3,0.4226655251141552,0.4108911216261439,0.40985715974751646,137879,217128,170593,26.232686453576864,41.31050228310502,32.456811263318116
1.45,1.0,1.35,0.4186681887366819,0.4096455296732029,0.4093908071803422,146583,201609,177408,27.888698630136986,38.35787671232877,33.75342465753425
1.4,1.0,1.25,0.42168949771689496,0.41081471345981324,0.40937425042220005,170190,220906,134504,32.38013698630137,42.029299847793,25.590563165905632
1.35,1.0,1.25,0.4262709284627093,0.4116277115002382,0.4092318342708929,128967,233307,163326,24.537100456621005,44.388698630136986,31.074200913242013
1.45,1.0,1.3,0.4177720700152207,0.4096722444888252,0.4090424206682182,179823,205130,140647,34.212899543378995,39.02777777777778,26.75932267884323
1.35,1.0,1.2,0.42514649923896497,0.41131154120005625,0.4085465697965549,160028,237376,128196,30.446727549467273,45.16286149162861,24.39041095890411
1.5,1.0,1.4,0.4145072298325723,0.40812201254495434,0.40812947728392396,155163,186357,184080,29.521118721461185,35.4560502283105,35.02283105022831
1.5,1.0,1.35,0.4136168188736682,0.4082207847714899,0.4079164576899452,189275,189745,146580,36.01122526636225,36.10064687975647,27.88812785388128
1.3,1.0,1.2,0.42920091324200915,0.41152445599352844,0.4070636979103961,119390,250384,155826,22.714992389649925,47.63774733637747,29.647260273972602
1.55,1.0,1.45,0.41012747336377475,0.40622909107455807,0.4059973675927023,163022,172154,190424,31.01636225266362,32.75380517503805,36.22983257229833
1.3,1.0,1.15,0.4276636225266362,0.4107014662893736,0.4059696254876797,149243,254709,121648,28.394786910197865,48.46061643835616,23.144596651445966
1.55,1.0,1.4,0.40911719939117197,0.4062443381893537,0.40583281310746183,197844,175309,152447,37.641552511415526,33.354071537290714,29.00437595129376
1.6,1.0,1.45,0.405218797564688,0.4046924308405477,0.4037475692079915,205597,161880,158123,39.11662861491629,30.799086757990867,30.084284627092845
1.6,1.0,1.5,0.4061491628614916,0.40457602005477034,0.4036849205445973,170228,158881,196491,32.38736681887367,30.22850076103501,37.384132420091326
1.45,1.0,1.25,0.4158542617960426,0.4086888124803218,0.40360128516786814,208586,207321,109693,39.68531202435312,39.44463470319634,20.870053272450534
1.4,1.0,1.2,0.4195833333333333,0.4095572411621002,0.40351820300960656,198067,223280,104253,37.683980213089804,42.48097412480974,19.835045662100455
1.25,1.0,1.15,0.4312119482496195,0.4105781147105791,0.4034971232372857,110104,267498,147998,20.948249619482496,50.89383561643835,28.157914764079145
1.4,1.0,1.35,0.4215353881278539,0.40896707384209047,0.40293602576679893,103955,211537,210108,19.778348554033485,40.24676560121765,39.97488584474886
1.5,1.0,1.3,0.41191590563165903,0.4074743112791199,0.4028919148381556,218904,191786,114910,41.64840182648402,36.48896499238965,21.86263318112633
1.45,1.0,1.4,0.4175133181126332,0.40759062396367596,0.4024387702555936,111473,196245,217882,21.20871385083714,37.33732876712329,41.453957382039576
1.35,1.0,1.3,0.4253006088280061,0.40993738616615905,0.40231506104955334,96110,227314,202176,18.285768645357685,43.24847792998478,38.465753424657535
1.25,1.0,1.1,0.429486301369863,0.4094644833647745,0.4021651745184996,138666,272141,114793,26.3824200913242,51.77720700152207,21.84037290715373
1.35,1.0,1.15,0.42261986301369864,0.40954119180713827,0.4020115514330669,187053,239998,98549,35.5884703196347,45.6617199391172,18.749809741248097
1.65,1.0,1.5,0.4013394216133942,0.4031261470454208,0.4011816344084858,212959,149110,163531,40.51731354642313,28.369482496194827,31.11320395738204
1.55,1.0,1.35,0.4075494672754947,0.4056798257497647,0.4011771510439017,228236,177320,120044,43.423896499238964,33.73668188736682,22.83942161339422
1.5,1.0,1.45,0.41326674277016745,0.4059112499718176,0.4011178230135408,119067,181312,225221,22.65353881278539,34.496194824961954,42.85026636225267
1.3,1.0,1.25,0.42844368340943684,0.41014843554860786,0.40017002958488024,87964,244006,193630,16.73592085235921,46.42427701674277,36.83980213089802
1.6,1.0,1.4,0.4035331050228311,0.40405859645615094,0.39920987935786806,236732,163749,125119,45.040334855403344,31.154680365296805,23.804984779299847
1.3,1.0,1.1,0.42470700152207,0.4084337574369397,0.3988765548807249,175253,257478,92869,33.34341704718417,48.98744292237443,17.669140030441397
1.55,1.0,1.5,0.4087347792998478,0.40381390013798163,0.3988222666350423,126015,167385,232200,23.975456621004565,31.846461187214615,44.178082191780824
1.25,1.0,1.2,0.43111301369863014,0.4099791382409074,0.3971818849317785,80170,260779,184651,15.253044140030442,49.615487062404874,35.131468797564686
1.65,1.0,1.45,0.3995852359208524,0.4024465413117266,0.39680688020928107,244799,150844,129957,46.57515220700152,28.69939117199391,24.725456621004565
1.25,1.0,1.05,0.4265239726027397,0.40712158187743214,0.3949671120380481,163541,274935,87124,31.115106544901067,52.3087899543379,16.576103500761036
1.45,1.0,1.2,0.4129052511415525,0.4065191325279321,0.394056278088952,232975,208581,84044,44.32553272450533,39.68436073059361,15.990106544901064
1.5,1.0,1.25,0.4091609589041096,0.40554962413165,0.3938219890667578,243744,193035,88821,46.37442922374429,36.72659817351598,16.898972602739725
1.7,1.0,1.5,0.39528538812785385,0.40045901847794396,0.39356648637522956,252381,138378,134841,48.01769406392694,26.327625570776252,25.654680365296805
1.4,1.0,1.15,0.416472602739726,0.40716195740815975,0.39353551424890904,221685,224708,79207,42.17751141552512,42.75266362252664,15.06982496194825
1.55,1.0,1.3,0.40487252663622525,0.40385071665540906,0.39245876526435847,253680,178444,93476,48.2648401826484,33.95053272450533,17.784627092846268
1.35,1.0,1.1,0.4195738203957382,0.40718217410076063,0.3919220914604151,209779,241540,74281,39.912290715372905,45.95509893455099,14.132610350076103
1.6,1.0,1.35,0.40106164383561643,0.402484469685894,0.39099165156231863,262846,164805,97949,50.00875190258752,31.355593607305938,18.635654490106546
1.3,1.0,1.05,0.42191590563165904,0.40630170738644394,0.38896223781911954,197180,259040,69380,37.515220700152206,49.28462709284627,13.200152207001523
1.65,1.0,1.4,0.39707191780821915,0.4008666538781496,0.3888181515727703,271423,151842,102335,51.64060121765601,28.889269406392692,19.470129375951295
1.4,1.0,1.4,0.41869482496194826,0.40562591386860863,0.38862875856169127,71452,203759,250389,13.594368340943683,38.76693302891933,47.638698630136986
1.45,1.0,1.45,0.4148649162861492,0.404360167634285,0.3884456030102333,77676,188848,259076,14.778538812785389,35.92998477929984,49.291476407914764
1.35,1.0,1.35,0.4222945205479452,0.4065289624368152,0.3876971827772353,64969,219363,241268,12.36092085235921,41.73573059360731,45.903348554033485
1.5,1.0,1.5,0.41043759512937594,0.4024305883099129,0.3870053673490165,83979,174306,267315,15.977739726027398,33.16324200913242,50.85901826484018
1.7,1.0,1.45,0.3927682648401826,0.39888330045651105,0.38587876320953374,279519,139323,106758,53.18093607305936,26.507420091324203,20.31164383561644
1.3,1.0,1.3,0.42586567732115677,0.4073101062103519,0.38582830265328677,58356,235337,231907,11.102739726027396,44.77492389649924,44.12233637747337
1.25,1.0,1.0,0.4237747336377473,0.405003307907888,0.3850051994055454,184556,276587,64457,35.11339421613394,52.62309741248098,12.263508371385083
1.5,1.0,1.2,0.40713470319634704,0.40429323841634734,0.3837316516570278,264229,193716,67655,50.2718797564688,36.85616438356165,12.871955859969558
1.45,1.0,1.15,0.41073059360730596,0.40508522594064705,0.3835751923654651,252828,209317,63455,48.1027397260274,39.82439117199391,12.072869101978691
1.25,1.0,1.25,0.4289193302891933,0.40766354940116284,0.3832193060794215,52286,251517,221797,9.947869101978691,47.8533105022831,42.1988203957382
1.4,1.0,1.1,0.4140962709284627,0.40548076147666773,0.38255766873107094,240910,225507,59183,45.835235920852355,42.904680365296805,11.260083713850836
1.55,1.0,1.25,0.40269596651445966,0.4024598489005011,0.38245929102664245,274759,179106,71735,52.275304414003045,34.07648401826484,13.648211567732115
1.75,1.0,1.5,0.3883504566210046,0.3967911318967354,0.38229099839858033,287481,127018,111101,54.69577625570776,24.16628614916286,21.137937595129376
1.6,1.0,1.3,0.3988356164383562,0.40105711362908175,0.3812261941829997,284359,165372,75869,54.10178843226788,31.463470319634702,14.434741248097414
1.35,1.0,1.05,0.41706240487062407,0.4053195760908696,0.38061455982277237,228405,242323,54872,43.4560502283105,46.104071537290714,10.439878234398781
1.65,1.0,1.35,0.39476217656012175,0.3993414021265518,0.3792682394050684,293267,152404,79929,55.79661339421613,28.996194824961947,15.207191780821919
1.3,1.0,1.0,0.41931126331811264,0.40430446847824153,0.37743685239597674,215071,259882,50647,40.9191400304414,49.44482496194825,9.63603500761035
1.7,1.0,1.4,0.3903386605783866,0.39727579537988894,0.37640816064052357,301928,139847,83825,57.44444444444444,26.607115677321158,15.9484398782344
1.75,1.0,1.45,0.38588470319634705,0.3951572407801333,0.3730345703732549,310367,127502,87731,59.05003805175038,24.258371385083713,16.691590563165907
1.75,1.0,1.75,0.3895148401826484,0.39209678736312353,0.3727870958559378,111250,114451,299899,21.16628614916286,21.775304414003045,57.05840943683409
1.5,1.0,1.15,0.40477739726027395,0.40255009121593566,0.3722389507565252,280778,194094,50728,53.42047184170472,36.92808219178082,9.65144596651446
1.45,1.0,1.1,0.4082857686453577,0.40322073697178523,0.37190381239845366,268736,209698,47166,51.12937595129375,39.89687975646879,8.973744292237443
1.55,1.0,1.2,0.4006012176560122,0.4010241193531053,0.3714631881063577,291788,179433,54379,55.51522070015221,34.138698630136986,10.346080669710807
1.4,1.0,1.05,0.4116457382039574,0.4035625355606134,0.37084347205738827,256143,225919,43538,48.733447488584474,42.98306697108067,8.283485540334855
1.6,1.0,1.25,0.3970376712328767,0.39996018064905753,0.3708307008707092,301824,165709,58067,57.42465753424657,31.527587519025875,11.047754946727549
1.4,1.0,1.45,0.4147716894977169,0.40179154244328447,0.36966683135017986,44674,193843,287083,8.499619482496195,36.88032724505327,54.620053272450534
1.65,1.0,1.3,0.3930536529680365,0.39835673026522267,0.3691888461636192,311151,152705,61744,59.19920091324201,29.053462709284627,11.747336377473363
1.45,1.0,1.5,0.41071917808219177,0.40018878276189795,0.36904434795099883,49350,179466,296784,9.389269406392694,34.14497716894977,56.465753424657535
1.35,1.0,1.4,0.41839802130898024,0.40286648212991394,0.36899907687508654,39853,208913,276834,7.582382039573821,39.74752663622527,52.67009132420092
1.35,1.0,1.0,0.414558599695586,0.4033084875714425,0.3688495915231431,242892,242741,39967,46.21232876712329,46.183599695586,7.604071537290716
1.3,1.0,1.35,0.42181126331811264,0.4035918325781964,0.3672678980403987,34967,224666,265967,6.652777777777779,42.74467275494673,50.602549467275495
1.7,1.0,1.35,0.3888736681887367,0.39656194237252596,0.366928855185739,320097,140107,65396,60.90125570776256,26.65658295281583,12.442161339421613
1.25,1.0,1.3,0.4253310502283105,0.40454758674260677,0.36560318366317074,30753,240082,254765,5.851027397260275,45.67770167427702,48.471270928462715
1.75,1.0,1.4,0.3843493150684931,0.3943932652221686,0.36370152562082797,328915,127747,68938,62.57895738203957,24.304984779299847,13.116057838660577
1.5,1.0,1.1,0.40231544901065447,0.40051295477500154,0.3608704861765481,293442,194281,37877,55.82990867579909,36.9636605783866,7.206430745814307
1.55,1.0,1.15,0.39846841704718416,0.3993706766376988,0.36051252845551796,304951,179613,41036,58.01959665144597,34.17294520547946,7.807458143074582
1.45,1.0,1.05,0.40569254185692544,0.4010156324273613,0.3601660399601903,281056,209921,34623,53.47336377473364,39.93930745814308,6.587328767123288
1.6,1.0,1.2,0.3947602739726027,0.39818723616375035,0.3597199880541862,315634,165843,44123,60.0521308980213,31.553082191780824,8.394786910197869
1.4,1.0,1.0,0.40931887366818875,0.4016325643003295,0.35941472148812686,267953,226130,31517,50.980403348554034,43.02321156773212,5.996385083713851
1.0,1.0,1.0,0.43479642313546424,0.4012804154863945,0.3592437657098159,29199,330409,165992,5.555365296803653,62.86320395738204,31.58143074581431
1.65,1.0,1.25,0.39095319634703196,0.3967931670751956,0.358382006391319,325457,152872,47271,61.92104261796043,29.08523592085236,8.993721461187215
2.0,1.0,1.75,0.3670452815829528,0.38521969472764006,0.3577450316787176,319236,75331,131033,60.73744292237443,14.33238203957382,24.93017503805175
1.7,1.0,1.3,0.38685121765601216,0.3951090570825165,0.3562294146310557,334972,140246,50382,63.73135464231354,26.683028919330287,9.585616438356166
1.75,1.0,1.35,0.38231164383561644,0.39293331226456174,0.3532250275302296,344153,127854,53593,65.47812024353121,24.325342465753426,10.196537290715373
1.0,1.0,0.75,0.4245091324200913,0.3920750086687223,0.3514879779163682,129296,356676,39628,24.599695585996955,67.86073059360731,7.539573820395738
1.5,1.0,1.05,0.4004889649923897,0.39905083538889036,0.35047124593186907,303570,194374,27656,57.75684931506849,36.98135464231355,5.26179604261796
1.45,1.0,1.0,0.4041267123287671,0.39980617802918234,0.35031096181369437,290531,210033,25036,55.27606544901066,39.96061643835617,4.763318112633181
1.55,1.0,1.1,0.39648592085235923,0.3977676445378561,0.34989381666273395,315562,179697,30341,60.038432267884325,34.18892694063927,5.772640791476408
1.6,1.0,1.15,0.3926560121765601,0.39646006722542254,0.3491044052533328,326502,165917,33181,62.11986301369863,31.567161339421613,6.312975646879757
1.35,1.0,1.45,0.41331240487062404,0.3986005900856548,0.34908268617760574,21831,196768,307001,4.153538812785388,37.43683409436834,58.40962709284627
1.4,1.0,1.5,0.4096689497716895,0.3973775320707104,0.3489411883146074,25002,182303,318295,4.756849315068493,34.68474124809741,60.55840943683409
1.3,1.0,1.4,0.41703957382039575,0.3998268341729907,0.3488745782687621,18927,211783,294890,3.6010273972602738,40.29356925418569,56.10540334855403
1.25,1.0,1.35,0.4207667427701674,0.40108878819940824,0.3487214956998612,16381,227153,282066,3.116628614916286,43.21784627092846,53.66552511415526
1.65,1.0,1.2,0.38870814307458146,0.39493320624078315,0.3476303880309089,336762,152924,35914,64.07191780821918,29.095129375951295,6.832952815829528
2.0,1.0,2.0,0.3687195585996956,0.38028380563153846,0.3475950521884965,136902,67545,321153,26.046803652968038,12.851027397260273,61.10216894977169
1.7,1.0,1.25,0.38463089802130895,0.39328256773390796,0.34569838101452605,346528,140322,38750,65.92998477929984,26.697488584474886,7.372526636225267
1.75,1.0,1.3,0.38038622526636223,0.3914488363750876,0.34308954683250453,356098,127910,41592,67.75076103500761,24.33599695585997,7.9132420091324205
1.5,1.0,1.0,0.3990962709284627,0.39794133599146525,0.34158698032334306,311180,194423,19997,59.20471841704719,36.990677321156774,3.804604261796043
1.55,1.0,1.05,0.3950228310502283,0.39659918004691747,0.34086327097945296,323562,179736,22302,61.56050228310502,34.19634703196347,4.243150684931507
1.6,1.0,1.1,0.3911396499238965,0.39526747520261035,0.3397896539005401,335046,165947,24607,63.74543378995434,31.57286910197869,4.681697108066971
1.65,1.0,1.15,0.38722602739726025,0.3937929372360427,0.3383347714650155,345687,152956,26957,65.76997716894977,29.101217656012174,5.1288051750380514
1.25,1.0,1.4,0.41674657534246573,0.39880220821733775,0.336809641521784,8167,212838,304595,1.5538432267884321,40.49429223744293,57.95186453576865
1.7,1.0,1.2,0.3830745814307458,0.39208640247636356,0.3361985938628676,355917,140351,29332,67.71632420091325,26.703006088280063,5.580669710806697
1.25,1.0,0.75,0.4146765601217656,0.39776740039736724,0.3356945286239154,237865,278188,9547,45.25589802130898,52.92770167427702,1.816400304414003
1.3,1.0,1.45,0.41269596651445967,0.3971026217339544,0.33534884301402373,9516,198001,318083,1.8105022831050226,37.67142313546423,60.518074581430746
1.0,1.0,1.25,0.4280974124809741,0.40305428571677054,0.33471774071386795,1015,258430,266155,0.19311263318112634,49.16856925418569,50.638318112633186
1.35,1.0,1.5,0.40885654490106543,0.3955941078086804,0.33386274059016613,11065,183644,330891,2.105213089802131,34.93987823439878,62.95490867579908
0.75,1.0,1.25,0.42818683409436836,0.4030880946743894,0.333443198215164,31,258475,267094,0.005898021308980213,49.17713089802131,50.81697108066972
0.5,1.0,1.25,0.42818493150684933,0.4030845063389305,0.3334096858232894,4,258479,267117,0.00076103500761035,49.17789193302892,50.82134703196347
1.75,1.0,1.25,0.3784094368340944,0.3898053454175355,0.3331187771613319,365800,127940,31860,69.59665144596651,24.34170471841705,6.061643835616438
1.55,1.0,1.0,0.393894596651446,0.39571316015331365,0.33303301112903455,329858,179755,15987,62.75837138508371,34.199961948249616,3.041666666666667
1.6,1.0,1.05,0.3899562404870624,0.39433546536841585,0.33180892147985114,341641,165962,17997,65.0001902587519,31.575722983257233,3.424086757990868
1.65,1.0,1.1,0.38594748858447486,0.3927783232869793,0.3300892981716376,352604,152964,20032,67.08599695585997,29.102739726027398,3.811263318112633
2.25,1.0,2.0,0.3487804414003044,0.37299497027707207,0.3297151544531898,334421,42715,148464,63.62652207001523,8.126902587519027,28.246575342465754
0.75,1.0,1.0,0.4342332572298326,0.39868563626397985,0.3289862970997575,303,334459,190838,0.05764840182648402,63.63375190258752,36.308599695586
1.25,1.0,1.45,0.4128253424657534,0.39690755028512154,0.3288811376223675,4029,198403,323168,0.7665525114155252,37.747907153729074,61.4855403348554
0.5,1.0,1.0,0.4343036529680365,0.39874336591000775,0.3286924668507893,11,334472,191117,0.002092846270928463,63.63622526636226,36.36168188736682
1.7,1.0,1.15,0.3816533485540335,0.3909256753990515,0.32774985395340617,363110,140366,22124,69.08485540334856,26.7058599695586,4.209284627092846
1.3,1.0,1.5,0.4088299086757991,0.39517432137289193,0.32628992308692695,4693,184103,336804,0.8928843226788432,35.02720700152207,64.07990867579909
1.6,1.0,1.0,0.3894444444444444,0.3940735425850875,0.3254567642784649,346855,165967,12778,65.992199391172,31.576674277016743,2.4311263318112633
1.75,1.0,1.2,0.37705289193302893,0.38873593366325215,0.324637502065148,373420,127951,24229,71.04642313546424,24.343797564687975,4.609779299847793
1.25,1.0,0.5,0.4141628614916286,0.39775160799994297,0.3237855984878023,247131,278200,269,47.01883561643835,52.92998477929984,0.05117960426179604
1.25,1.0,1.5,0.40917047184170474,0.39539607209608096,0.3234711841284504,2197,184243,339160,0.4179984779299848,35.05384322678843,64.52815829528159
1.65,1.0,1.05,0.38520357686453577,0.39227386946827575,0.3233022410143113,358118,152969,14513,68.13508371385085,29.103691019786908,2.7612252663622527
0.75,1.0,0.75,0.42870243531202434,0.385397228585117,0.32189585431813456,14309,399829,111462,2.722412480974125,76.07096651445967,21.20662100456621
1.0,1.0,1.5,0.4093607305936073,0.3954767821093142,0.3208041241816551,85,184326,341189,0.016171993911719938,35.06963470319634,64.91419330289193
0.75,1.0,1.5,0.40937785388127856,0.3954913752045704,0.320746079417771,14,184335,341251,0.002663622526636225,35.07134703196347,64.92598934550989
0.5,1.0,1.5,0.40938165905631657,0.39549442037277577,0.3207328251383898,1,184337,341262,0.0001902587519025875,35.071727549467276,64.92808219178082
1.7,1.0,1.1,0.3806107305936073,0.3901089099142981,0.32043915053971145,368927,140368,16305,70.1915905631659,26.706240487062406,3.1021689497716896
1.5,1.0,0.75,0.39765981735159817,0.3973626141371636,0.3197293426493591,328596,194455,2549,62.518264840182646,36.99676560121766,0.4849695585996956
1.65,1.0,1.0,0.38510083713850835,0.39240096716999356,0.31839351944369343,362318,152969,10313,68.93417047184171,29.103691019786908,1.962138508371385
2.25,1.0,2.25,0.35097602739726025,0.36848159459615254,0.3181165110137259,153751,37432,334417,29.252473363774733,7.121765601217655,63.62576103500761
1.75,1.0,1.15,0.37596651445966517,0.38788237327698577,0.31722059933145413,379466,127956,18178,72.19672754946728,24.34474885844749,3.458523592085236
1.5,1.0,0.5,0.39774923896499237,0.39761901575002806,0.31628367512585326,331126,194455,19,62.99961948249619,36.99676560121766,0.003614916286149163
1.7,1.0,1.05,0.3803519786910198,0.3900841823985035,0.3150252849893819,373439,140370,11791,71.05003805175039,26.706621004566212,2.2433409436834095
1.0,1.0,0.5,0.41817922374429223,0.38698133045664657,0.31428997477059,164912,358139,2549,31.375951293759513,68.13907914764079,0.4849695585996956
2.0,1.0,1.5,0.3576122526636225,0.37913006440134084,0.3137144592048578,405190,76038,44372,77.09094368340944,14.46689497716895,8.442161339421613
1.75,1.0,1.1,0.3753310502283105,0.38746447548693025,0.3110347672336266,384335,127957,13308,73.12309741248097,24.34493911719939,2.5319634703196345
1.7,1.0,1.0,0.38035578386605784,0.39028620711870304,0.310938175341587,376900,140370,8330,71.70852359208524,26.706621004566212,1.5848554033485542
0.5,1.0,0.75,0.43000380517503806,0.3857814959673805,0.30910250890339913,53,401777,123770,0.010083713850837138,76.4415905631659,23.548325722983257
1.75,1.0,1.05,0.37542427701674275,0.3877776765615188,0.30685550676518547,388047,127957,9596,73.82933789954338,24.34493911719939,1.82572298325723
1.5,1.0,1.75,0.39013888888888887,0.3861664027905118,0.3046814805318548,4344,123778,397478,0.8264840182648402,23.549847792998477,75.62366818873669
1.75,1.0,1.0,0.37520928462709285,0.38770224168873724,0.3031506637295464,390823,127957,6820,74.35749619482496,24.34493911719939,1.297564687975647
2.5,1.0,2.25,0.33406963470319634,0.3625037061073087,0.30206949679525447,340732,21023,163845,64.82724505327245,3.9998097412480975,31.17294520547945
0.75,1.0,0.5,0.41520928462709283,0.3718280639864988,0.30059670807484656,83896,424287,17417,15.961948249619482,80.72431506849314,3.3137366818873666
1.25,1.0,1.75,0.39049657534246573,0.38631897491906736,0.29959435884803015,217,123922,401461,0.04128614916286149,23.57724505327245,76.3814687975647
1.0,1.0,1.75,0.39054984779299845,0.38636443168163076,0.29941166557269744,26,123935,401639,0.004946727549467275,23.579718417047186,76.41533485540334
0.75,1.0,1.75,0.39055555555555554,0.38636894780304143,0.29939535142197365,7,123938,401655,0.0013318112633181126,23.580289193302892,76.41837899543378
0.5,1.0,1.75,0.3905574581430746,0.3863702717671187,0.29938910082376635,1,123940,401659,0.0001902587519025875,23.5806697108067,76.4191400304414
1.75,1.0,0.75,0.3748782343987823,0.38770922450235873,0.29432998629767343,397027,127957,616,75.5378614916286,24.34493911719939,0.11719939117199392
1.75,1.0,0.5,0.37497146118721464,0.387851036253686,0.2935340318028498,397641,127957,2,75.6546803652968,24.34493911719939,0.000380517503805175
2.25,1.0,1.75,0.34008561643835616,0.3679415699299258,0.29150630497089847,425479,43143,56978,80.95110350076104,8.208333333333332,10.840563165905632
2.5,1.0,2.5,0.3359855403348554,0.3576716303274245,0.28959733804150106,164941,17792,342867,31.381468797564686,3.3850837138508374,65.23344748858447
1.75,1.0,2.0,0.3703234398782344,0.3743142776214143,0.2792895612987482,7867,76994,440739,1.496765601217656,14.648782343987824,83.85445205479452
0.5,1.0,0.5,0.4178595890410959,0.3670078830271019,0.27838239358737055,6330,457216,62054,1.2043378995433789,86.98934550989345,11.806316590563167
2.0,1.0,1.25,0.3522260273972603,0.3749645718572068,0.278242803823979,436773,76047,12780,83.09988584474885,14.468607305936073,2.4315068493150687
2.75,1.0,2.5,0.3218245814307458,0.35295731786778556,0.27733931099254544,341349,6925,177326,64.94463470319634,1.3175418569254185,33.737823439878234
1.5,1.0,2.0,0.37111872146118724,0.3747708084099022,0.2709457946235139,479,77246,447875,0.09113394216133942,14.696727549467276,85.21213850837138
1.25,1.0,2.0,0.3712100456621005,0.374843617969754,0.270472402184693,67,77264,448269,0.012747336377473363,14.700152207001521,85.287100456621
1.0,1.0,2.0,0.3712366818873668,0.37486896238810913,0.2704606580864473,18,77272,448310,0.003424657534246575,14.701674277016744,85.29490106544901
0.75,1.0,2.0,0.37124048706240487,0.3748718605671864,0.2704437153954826,3,77274,448323,0.0005707762557077625,14.702054794520548,85.29737442922375
0.5,1.0,2.0,0.37124048706240487,0.3748718605671864,0.27044292447239265,0,77274,448326,0.0,14.702054794520548,85.29794520547945
2.5,1.0,2.0,0.32595890410958905,0.35817896470434213,0.26932663864675627,434780,21247,69573,82.720700152207,4.042427701674277,13.236872146118722
2.75,1.0,2.75,0.3239554794520548,0.34838266522298317,0.26555876021696523,172762,5812,347026,32.86948249619483,1.1057838660578385,66.02473363774733
2.0,1.0,1.0,0.3516723744292237,0.37494847160012307,0.2645937387289291,447004,76047,2549,85.04642313546424,14.468607305936073,0.4849695585996956
3.0,1.0,2.75,0.3150209284627093,0.34705029159916306,0.26410402090264734,335572,1182,188846,63.8455098934551,0.22488584474885848,35.929604261796044
2.0,1.0,0.75,0.35174467275494675,0.37518129797379424,0.2610755775501494,449460,76047,93,85.51369863013699,14.468607305936073,0.01769406392694064
2.0,1.0,0.5,0.3517732115677321,0.3752185811877,0.2609721371659382,449552,76047,1,85.53120243531203,14.468607305936073,0.0001902587519025875
2.25,1.0,1.5,0.3334722222222222,0.36268581959706503,0.25443877697592543,462419,43143,20038,87.97926179604262,8.208333333333332,3.812404870624049
2.0,1.0,2.25,0.35375380517503807,0.3637532823710254,0.25407907266935087,13077,44468,468055,2.4880136986301373,8.460426179604262,89.0515601217656
3.0,1.0,3.0,0.31787671232876713,0.34342132513218676,0.25356635942351413,176367,1085,348148,33.55536529680365,0.20643074581430748,66.23820395738204
2.75,1.0,2.25,0.3134779299847793,0.3484185887488398,0.248661544482251,437048,6980,81572,83.15220700152207,1.3280060882800608,15.519786910197869
1.75,1.0,2.25,0.3547374429223744,0.36419392233351294,0.24095953515600818,915,44766,479919,0.1740867579908676,8.517123287671232,91.3087899543379
1.5,1.0,2.25,0.35484589041095893,0.3642620536057232,0.23995443442167597,113,44803,480684,0.021499238964992392,8.524162861491629,91.45433789954338
3.0,1.0,2.5,0.3071974885844749,0.3430353182744444,0.23991165039585746,431279,1192,93129,82.05460426179604,0.2267884322678843,17.718607305936075
1.0,1.0,2.25,0.3548839421613394,0.36429703403054,0.23989247838269434,10,44815,480775,0.0019025875190258753,8.526445966514459,91.47165144596651
1.25,1.0,2.25,0.3548687214611872,0.3642822512807476,0.23988688773489156,26,44811,480763,0.004946727549467275,8.525684931506849,91.46936834094367
0.75,1.0,2.25,0.3548820395738204,0.364294033651593,0.23987752646918492,1,44817,480782,0.0001902587519025875,8.526826484018263,91.47298325722983
0.5,1.0,2.25,0.3548820395738204,0.364294033651593,0.2398772752514371,0,44817,480783,0.0,8.526826484018263,91.47317351598173
2.25,1.0,1.25,0.3322127092846271,0.3621284594112149,0.23590792998031873,476838,43143,5619,90.72260273972603,8.208333333333332,1.0690639269406392
2.5,1.0,1.75,0.31904680365296806,0.3528212283404876,0.23274941708262953,476566,21253,27781,90.67085235920852,4.043569254185693,5.285578386605784
2.25,1.0,2.5,0.33776826484018263,0.3521907570582252,0.22977010797606923,20105,22731,482764,3.825152207001522,4.324771689497717,91.85007610350077
2.25,1.0,1.0,0.3320376712328767,0.3622204311164369,0.22907126595747465,481580,43143,877,91.62480974124809,8.208333333333332,0.16685692541856925
2.25,1.0,0.75,0.3321651445966514,0.36241497893301505,0.2279333824901403,482438,43143,19,91.78805175038052,8.208333333333332,0.003614916286149163
2.25,1.0,0.5,0.33217846270928464,0.36243084907923967,0.2279212082717731,482457,43143,0,91.79166666666667,8.208333333333332,0.0
2.75,1.0,2.0,0.30698059360730595,0.34368414880565196,0.2142835332259474,482599,6981,36020,91.81868340943683,1.3281963470319635,6.853120243531202
2.0,1.0,2.5,0.33898211567732117,0.35256861047281857,0.21136453968483368,1488,23145,500967,0.2831050228310502,4.4035388127853885,95.31335616438356
2.5,1.0,1.5,0.31679794520547944,0.3513811890947998,0.2103899120866637,494751,21253,9596,94.13070776255708,4.043569254185693,1.82572298325723
1.75,1.0,2.5,0.3390087519025875,0.3525268525072108,0.20962136768592343,227,23179,502194,0.043188736681887364,4.410007610350076,95.54680365296804
2.5,1.0,2.75,0.32438546423135467,0.34192916860709016,0.20951202687861467,27726,9328,488546,5.275114155251141,1.7747336377473364,92.95015220700152
1.5,1.0,2.5,0.3390582191780822,0.3525707935273105,0.2094699532130765,56,23192,502352,0.0106544901065449,4.41248097412481,95.57686453576865
1.25,1.0,2.5,0.3390734398782344,0.3525852385715135,0.20945396990235654,23,23196,502381,0.004375951293759513,4.4132420091324205,95.58238203957382
1.0,1.0,2.5,0.33907724505327247,0.3525884307288469,0.2094443398028115,8,23198,502394,0.0015220700152207,4.4136225266362255,95.58485540334856
0.75,1.0,2.5,0.33907724505327247,0.3525881367505908,0.20943602829061922,1,23199,502400,0.0001902587519025875,4.413812785388128,95.58599695585997
0.5,1.0,2.5,0.33907724505327247,0.3525881367505908,0.2094357865475985,0,23199,502401,0.0,4.413812785388128,95.58618721461187
3.0,1.0,2.25,0.30112062404870626,0.33889561831953147,0.20815598927365953,479992,1194,44414,91.3226788432268,0.2271689497716895,8.450152207001523
2.5,1.0,1.25,0.31624619482496197,0.3511866013709022,0.20041681633157202,501798,21253,2549,95.47146118721462,4.043569254185693,0.4849695585996956
2.75,1.0,3.0,0.31686263318112634,0.33620348598590105,0.19931417602991863,35384,2662,487554,6.732115677321157,0.506468797564688,92.76141552511416
2.5,1.0,1.0,0.3163165905631659,0.35140580042107644,0.19713130906561158,504078,21253,269,95.90525114155251,4.043569254185693,0.05117960426179604
2.5,1.0,0.75,0.31634132420091327,0.3514500774548149,0.19675199837791693,504341,21253,6,95.95528919330289,4.043569254185693,0.001141552511415525
2.5,1.0,0.5,0.31634893455098934,0.35145887312999124,0.19675163283076405,504347,21253,0,95.9564307458143,4.043569254185693,0.0
2.75,1.0,1.75,0.30346080669710807,0.341018939779751,0.1890825027700593,504101,6981,14518,95.90962709284628,1.3281963470319635,2.7621765601217656
2.25,1.0,2.75,0.3254927701674277,0.3419432845618908,0.18582051452688322,2237,9698,513665,0.42560882800608835,1.845129375951294,97.72926179604262
2.0,1.0,2.75,0.3256373668188737,0.3419961528354177,0.1835169503879598,384,9747,515469,0.0730593607305936,1.8544520547945205,98.07248858447488
1.75,1.0,2.75,0.3256811263318113,0.34202640487370856,0.18316277577356663,90,9762,515748,0.017123287671232876,1.8573059360730595,98.12557077625571
1.5,1.0,2.75,0.32570015220700155,0.34204468956621853,0.18312707544144313,27,9767,515806,0.005136986301369864,1.8582572298325724,98.13660578386606
1.25,1.0,2.75,0.3257115677321157,0.342056633671395,0.18312701528911926,16,9767,515817,0.0030441400304414,1.8582572298325724,98.13869863013699
1.0,1.0,2.75,0.3257077625570776,0.342051471120936,0.18310740731738548,2,9769,515829,0.000380517503805175,1.8586377473363775,98.14098173515981
0.75,1.0,2.75,0.3257077625570776,0.342051471120936,0.18310717200025947,1,9769,515830,0.0001902587519025875,1.8586377473363775,98.14117199391173
0.5,1.0,2.75,0.3257077625570776,0.342051471120936,0.1831069366838243,0,9769,515831,0.0,1.8586377473363775,98.14136225266363
3.0,1.0,2.0,0.29658485540334856,0.33525410751845053,0.18151509338111058,504368,1194,20038,95.96042617960427,0.2271689497716895,3.812404870624049
2.75,1.0,1.5,0.3029337899543379,0.34099092404409737,0.17657119817415853,513666,6981,4953,97.72945205479452,1.3281963470319635,0.9423515981735161
2.5,1.0,3.0,0.3181088280060883,0.3361442571460569,0.171378243624941,3239,2964,519397,0.616248097412481,0.5639269406392694,98.81982496194826
2.75,1.0,1.25,0.3027663622526636,0.3410398042623077,0.17089876614728047,517533,6981,1086,98.46518264840182,1.3281963470319635,0.20662100456621005
2.75,1.0,1.0,0.30291476407914764,0.3412675432697114,0.1695329783135274,518561,6981,58,98.66076864535769,1.3281963470319635,0.011035007610350077
2.75,1.0,0.5,0.30292047184170473,0.34127755752332,0.1694499047753323,518619,6981,0,98.67180365296804,1.3281963470319635,0.0
2.75,1.0,0.75,0.3029185692541857,0.34127539535180795,0.16944914032210143,518618,6981,1,98.67161339421612,1.3281963470319635,0.0001902587519025875
2.25,1.0,3.0,0.31825913242009135,0.33616789357601334,0.16813809849520975,591,3011,521998,0.11244292237442924,0.572869101978691,99.31468797564688
2.0,1.0,3.0,0.31833523592085233,0.3362237592764859,0.1676161429285089,142,3031,522427,0.02701674277016743,0.5766742770167427,99.39630898021309
1.75,1.0,3.0,0.3183561643835616,0.33624189804179294,0.16753707686926336,48,3038,522514,0.0091324200913242,0.5780060882800608,99.41286149162862
1.5,1.0,3.0,0.31836377473363775,0.33624867959651045,0.1675178319447094,23,3041,522536,0.004375951293759513,0.5785768645357686,99.41704718417047
1.25,1.0,3.0,0.31836948249619484,0.3362544311654067,0.16751101090159137,10,3041,522549,0.0019025875190258753,0.5785768645357686,99.41952054794521
1.0,1.0,3.0,0.3183675799086758,0.3362519750156386,0.1674978860312234,1,3041,522558,0.0001902587519025875,0.5785768645357686,99.42123287671232
0.5,1.0,3.0,0.3183675799086758,0.3362519750156386,0.16749765372572076,0,3041,522559,0.0,0.5785768645357686,99.42142313546422
0.75,1.0,3.0,0.3183675799086758,0.3362519750156386,0.16749765372572076,0,3041,522559,0.0,0.5785768645357686,99.42142313546422
3.0,1.0,1.75,0.2956849315068493,0.334962524315959,0.1662453279122467,516554,1194,7852,98.2789193302892,0.2271689497716895,1.4939117199391172
3.0,1.0,1.5,0.29518835616438355,0.3347268652415361,0.15854028738705256,521857,1194,2549,99.28786149162862,0.2271689497716895,0.4849695585996956
3.0,1.0,1.25,0.29521689497716896,0.33488850125773945,0.1554725805204865,523954,1194,452,99.68683409436834,0.2271689497716895,0.08599695585996957
3.0,1.0,1.0,0.29527777777777775,0.33498326685440044,0.15487909129734923,524387,1194,19,99.76921613394217,0.2271689497716895,0.003614916286149163
3.0,1.0,0.5,0.29529109589041097,0.3349991370006251,0.1548664913231864,524406,1194,0,99.7728310502283,0.2271689497716895,0.0
3.0,1.0,0.75,0.29528919330289194,0.33499697482911306,0.15486573203201476,524405,1194,1,99.7726407914764,0.2271689497716895,0.0001902587519025875
