pliegue,modo_evaluacion,estrategia_id,es_control_v4_1,umbral_baja,minutos_minimos,condicion_salida,operaciones,precision_clasificacion,porcentaje_acierto_clasificacion,porcentaje_operaciones_positivas,retorno_bruto_medio,retorno_neto_medio,retorno_neto_mediano,factor_beneficio,maximo_drawdown,retorno_compuesto,duracion_media_minutos,porcentaje_salidas_anticipadas,perdida_media,peor_operacion,porcentaje_meses_positivos,concentracion_ganancias_mejores_5
validacion_2023,cohorte_v4_1,control_v4_1_fija_480m,True,,0,siempre,70,0.5,50.0,61.42857142857143,0.006191087265403583,0.005191087265403582,0.005219992298277299,1.8054006324372958,-0.08872424885244934,0.404172186676242,480.0,0.0,-0.016710161191529564,-0.07256705888112736,90.9090909090909,0.3928738474631184
validacion_2023,cohorte_v4_1,baja_032_min0_siempre,False,0.32,0,siempre,70,0.5,50.0,55.714285714285715,0.0018246616899316869,0.000824661689931686,0.0005313975428992155,1.173981260106443,-0.09145455134879932,0.0500713155957937,122.21428571428571,95.71428571428572,-0.01070310272903227,-0.041630399036745924,63.63636363636363,0.48664810705433115
validacion_2023,cohorte_v4_1,baja_032_min0_solo_beneficio_neto,False,0.32,0,solo_beneficio_neto,70,0.5,50.0,81.42857142857143,0.003315959761542128,0.002315959761542127,0.0016263100542908146,1.459774735503694,-0.09381296868680644,0.1577692633520955,245.65714285714284,71.42857142857143,-0.027123179242304674,-0.07256705888112736,81.81818181818183,0.46004451065944724
validacion_2023,cohorte_v4_1,baja_032_min30_siempre,False,0.32,30,siempre,70,0.5,50.0,58.57142857142858,0.002275565467266716,0.001275565467266715,0.0017327315312026812,1.2439090495662937,-0.12381683785171937,0.08240833197775954,151.78571428571428,94.28571428571428,-0.012623357490671231,-0.041630399036745924,63.63636363636363,0.420810412335857
validacion_2023,cohorte_v4_1,baja_032_min30_solo_beneficio_neto,False,0.32,30,solo_beneficio_neto,70,0.5,50.0,77.14285714285715,0.0039226554025540965,0.0029226554025540957,0.0025789214212403886,1.5536751629059213,-0.08248381194878096,0.20735877194316,283.14285714285717,67.14285714285714,-0.023094077977174547,-0.07256705888112736,81.81818181818183,0.412466620722499
validacion_2023,cohorte_v4_1,baja_032_min60_siempre,False,0.32,60,siempre,70,0.5,50.0,60.0,0.005540139634450855,0.004540139634450854,0.0026906099920244184,1.9376122641264635,-0.0679409681421268,0.3516080103761645,228.02857142857144,88.57142857142857,-0.012105589400221646,-0.041630399036745924,90.9090909090909,0.45669729225993444
validacion_2023,cohorte_v4_1,baja_032_min60_solo_beneficio_neto,False,0.32,60,solo_beneficio_neto,70,0.5,50.0,74.28571428571429,0.005522872923344214,0.004522872923344213,0.00418025907655606,1.8168499239516118,-0.0824838119487814,0.34359517703254605,334.5,61.42857142857143,-0.021532658254237218,-0.07256705888112736,90.9090909090909,0.42594161590897167
validacion_2023,cohorte_v4_1,baja_047_min0_siempre,False,0.47,0,siempre,70,0.5,50.0,55.714285714285715,0.001691800220825,0.0006918002208249992,0.001711574376690229,1.1403500556145703,-0.09793779740422492,0.041723157199772265,176.18571428571428,71.42857142857143,-0.011130238061216616,-0.05309935740660143,45.45454545454545,0.3285946970038774
validacion_2023,cohorte_v4_1,baja_047_min0_solo_beneficio_neto,False,0.47,0,solo_beneficio_neto,70,0.5,50.0,72.85714285714285,0.002894638414369052,0.0018946384143690511,0.003761566839918019,1.4193590131570288,-0.1008149604182278,0.13083775664095598,271.6714285714286,52.85714285714286,-0.01664503819109991,-0.07256705888112736,63.63636363636363,0.2880276816790439
validacion_2023,cohorte_v4_1,baja_047_min30_siempre,False,0.47,30,siempre,70,0.5,50.0,61.42857142857143,0.0029386877790136393,0.0019386877790136387,0.0036951276447834145,1.3954750191535927,-0.07531419490120617,0.13514554283038893,272.2857142857143,58.57142857142858,-0.01270934276955805,-0.05472006416596076,72.72727272727273,0.27474948381908326
validacion_2023,cohorte_v4_1,baja_047_min30_solo_beneficio_neto,False,0.47,30,solo_beneficio_neto,70,0.5,50.0,70.0,0.0027339438600258383,0.0017339438600258376,0.004687906378421204,1.3236898429699724,-0.1439554382861602,0.11628629703787507,324.0285714285714,45.714285714285715,-0.017856021720425025,-0.07256705888112736,72.72727272727273,0.26506694446415935
validacion_2023,cohorte_v4_1,baja_047_min60_siempre,False,0.47,60,siempre,70,0.5,50.0,60.0,0.003127595401349941,0.00212759540134994,0.0025566332683356627,1.409346389846317,-0.07384725623016075,0.14897123073925123,290.7,57.14285714285714,-0.012993857122745811,-0.05309935740660143,72.72727272727273,0.32042501012204555
validacion_2023,cohorte_v4_1,baja_047_min60_solo_beneficio_neto,False,0.47,60,solo_beneficio_neto,70,0.5,50.0,70.0,0.0033535231723161468,0.002353523172316146,0.004566523760381137,1.4393519096182577,-0.13420725706799208,0.16447471138451775,341.0285714285714,44.285714285714285,-0.017856021720425025,-0.07256705888112736,72.72727272727273,0.30441726785862605
validacion_2023,reinversion,control_v4_1_fija_480m,True,,0,siempre,70,0.5,50.0,61.42857142857143,0.006191087265403583,0.005191087265403582,0.005219992298277299,1.8054006324372958,-0.08872424885244934,0.404172186676242,480.0,0.0,-0.016710161191529564,-0.07256705888112736,90.9090909090909,0.3928738474631184
validacion_2023,reinversion,baja_032_min0_siempre,False,0.32,0,siempre,135,0.45185185185185184,45.18518518518518,52.59259259259259,0.002420273729961877,0.0014202737299618766,0.00018221138280727443,1.4501614991590845,-0.06890420185710666,0.19628518288080987,102.33333333333333,95.55555555555556,-0.006655144664158858,-0.041055391475228964,72.72727272727273,0.39704286492060176
validacion_2023,reinversion,baja_032_min0_solo_beneficio_neto,False,0.32,0,solo_beneficio_neto,87,0.5287356321839081,52.87356321839081,83.9080459770115,0.004262939405333984,0.003262939405333983,0.0019205536187453251,1.7931090986072744,-0.07467401680858143,0.3037773082129407,226.1264367816092,75.86206896551724,-0.025566265434041398,-0.07256705888112736,90.9090909090909,0.4337934055368205
validacion_2023,reinversion,baja_032_min30_siempre,False,0.32,30,siempre,98,0.5,50.0,57.14285714285714,0.003745784691173758,0.002745784691173757,0.0016347210908611584,1.7007590783162612,-0.09958524390240253,0.2914567693198311,159.6734693877551,91.83673469387756,-0.009142701313932345,-0.041055391475228964,72.72727272727273,0.3755126923506433
validacion_2023,reinversion,baja_032_min30_solo_beneficio_neto,False,0.32,30,solo_beneficio_neto,78,0.5128205128205128,51.28205128205128,79.48717948717949,0.005079123318244314,0.004079123318244313,0.0025789214212403886,1.8610746961231988,-0.076266632263845,0.3485203170252793,280.29487179487177,70.51282051282051,-0.023094077977174547,-0.07256705888112736,90.9090909090909,0.4048559947055464
validacion_2023,reinversion,baja_032_min60_siempre,False,0.32,60,siempre,85,0.4823529411764706,48.23529411764706,58.82352941176471,0.00491921666324974,0.0039192166632497395,0.0020648557723464975,1.9163932837998197,-0.07132028585990968,0.3720986677390816,218.18823529411765,88.23529411764706,-0.01038647683152219,-0.041630399036745924,90.9090909090909,0.4305447926133532
validacion_2023,reinversion,baja_032_min60_solo_beneficio_neto,False,0.32,60,solo_beneficio_neto,75,0.5066666666666667,50.66666666666667,76.0,0.005644542055700984,0.0046445420557009835,0.003779415386737318,1.89873987395925,-0.07626663226384522,0.38659362211001747,322.6533333333333,64.0,-0.021532658254237218,-0.07256705888112736,90.9090909090909,0.407571359871621
validacion_2023,reinversion,baja_047_min0_siempre,False,0.47,0,siempre,148,0.4797297297297297,47.97297297297297,57.432432432432435,0.0019614116019963206,0.00096141160199632,0.0009735228397903537,1.2661881235068262,-0.1021132835451728,0.14081158971150542,137.0,79.05405405405406,-0.008484804693220972,-0.05309935740660143,72.72727272727273,0.20951933451160112
validacion_2023,reinversion,baja_047_min0_solo_beneficio_neto,False,0.47,0,solo_beneficio_neto,96,0.5,50.0,75.0,0.0033080553343960302,0.0023080553343960294,0.0030903593858546694,1.5648517601741254,-0.11169968795586838,0.2340932283166861,251.96875,57.291666666666664,-0.016344503086505605,-0.0579821334188082,72.72727272727273,0.22255433079078332
validacion_2023,reinversion,baja_047_min30_siempre,False,0.47,30,siempre,101,0.5148514851485149,51.48514851485149,63.366336633663366,0.004000476575814795,0.0030004765758147945,0.0029614586956422393,1.7048057665659275,-0.07510078308287949,0.33708383294473787,243.84158415841586,63.366336633663366,-0.011620918132191765,-0.05472006416596076,81.81818181818183,0.2309031645486221
validacion_2023,reinversion,baja_047_min30_solo_beneficio_neto,False,0.47,30,solo_beneficio_neto,84,0.5357142857142857,53.57142857142857,72.61904761904762,0.004477962908816242,0.0034779629088162417,0.0050786298640240765,1.7532235387768793,-0.11396072677122993,0.32217110344087696,314.3809523809524,47.61904761904761,-0.01686368621291073,-0.0579821334188082,72.72727272727273,0.2416260698327821
validacion_2023,reinversion,baja_047_min60_siempre,False,0.47,60,siempre,90,0.5222222222222223,52.22222222222223,62.22222222222222,0.004347087581234068,0.0033470875812340673,0.002822106162851724,1.7168911897845367,-0.07220257037118616,0.33298045821850275,290.0,56.666666666666664,-0.012358831913800236,-0.05309935740660143,81.81818181818183,0.2903429273496
validacion_2023,reinversion,baja_047_min60_solo_beneficio_neto,False,0.47,60,solo_beneficio_neto,80,0.525,52.5,71.25,0.005187199450579706,0.0041871994505797054,0.0048336501663061035,1.9393331895517685,-0.0948018913386588,0.37994863722183725,348.125,42.5,-0.015504798684869325,-0.05309935740660143,81.81818181818183,0.30249290140393825
validacion_2024,cohorte_v4_1,control_v4_1_fija_480m,True,,0,siempre,127,0.48031496062992124,48.031496062992126,61.417322834645674,0.004496752860065117,0.003496752860065116,0.005907866412025232,1.433836715067117,-0.12580432747781312,0.4989295240498677,480.0,0.0,-0.02089037695544174,-0.06163989746302656,66.66666666666666,0.2161625291627123
validacion_2024,cohorte_v4_1,baja_032_min0_siempre,False,0.32,0,siempre,127,0.48031496062992124,48.031496062992126,57.48031496062992,0.0032736672212163344,0.0022736672212163335,0.0016504819296031545,1.365866369763019,-0.16125749522396204,0.3011569438847179,292.73228346456693,77.16535433070865,-0.01461552333486156,-0.06163989746302656,58.333333333333336,0.21817785655112357
validacion_2024,cohorte_v4_1,baja_032_min0_solo_beneficio_neto,False,0.32,0,solo_beneficio_neto,127,0.48031496062992124,48.031496062992126,68.50393700787401,0.004313104181719402,0.003313104181719401,0.005025492641295482,1.5221471464769227,-0.12181516859476937,0.4807848574564173,374.92913385826773,46.45669291338583,-0.020145864720193425,-0.06163989746302656,66.66666666666666,0.20874034244915776
validacion_2024,cohorte_v4_1,baja_032_min30_siempre,False,0.32,30,siempre,127,0.48031496062992124,48.031496062992126,59.84251968503938,0.003256208130799356,0.0022562081307993553,0.003374832322963762,1.3402169379258084,-0.16644900825637676,0.2967329291848466,301.92913385826773,76.37795275590551,-0.016514170851384104,-0.06163989746302656,58.333333333333336,0.2083650916811105
validacion_2024,cohorte_v4_1,baja_032_min30_solo_beneficio_neto,False,0.32,30,solo_beneficio_neto,127,0.48031496062992124,48.031496062992126,68.50393700787401,0.004400849121094565,0.0034008491210945637,0.005025492641295482,1.535975799969115,-0.12181516859476915,0.4972785223972671,376.65354330708664,46.45669291338583,-0.020145864720193425,-0.06163989746302656,75.0,0.20686101735456383
validacion_2024,cohorte_v4_1,baja_032_min60_siempre,False,0.32,60,siempre,127,0.48031496062992124,48.031496062992126,59.84251968503938,0.003578603738644308,0.0025786037386443072,0.00396853420629173,1.3788895209905436,-0.11879751423589324,0.348033672934158,316.9763779527559,74.80314960629921,-0.01694749672942471,-0.06163989746302656,66.66666666666666,0.21483435292708064
validacion_2024,cohorte_v4_1,baja_032_min60_solo_beneficio_neto,False,0.32,60,solo_beneficio_neto,127,0.48031496062992124,48.031496062992126,66.92913385826772,0.004017893262595208,0.003017893262595208,0.005025492641295482,1.4467553214664723,-0.12181516859476937,0.42494798233669395,393.13385826771656,44.881889763779526,-0.020426246651794693,-0.06163989746302656,75.0,0.20628895860787508
validacion_2024,cohorte_v4_1,baja_047_min0_siempre,False,0.47,0,siempre,127,0.48031496062992124,48.031496062992126,47.24409448818898,-0.00021253552098777974,-0.0012125355209877805,-0.0004847426575828031,0.76896741335519,-0.1968811027362628,-0.15262346530513482,83.83464566929133,93.7007874015748,-0.009948329193420317,-0.0428088228627459,50.0,0.34679242628314905
validacion_2024,cohorte_v4_1,baja_047_min0_solo_beneficio_neto,False,0.47,0,solo_beneficio_neto,127,0.48031496062992124,48.031496062992126,78.74015748031496,0.001710918666938212,0.0007109186669382112,0.00265811066366839,1.1287188391905199,-0.19269215381456195,0.07297933148252467,213.62992125984252,70.86614173228347,-0.025978720657664593,-0.06163989746302656,50.0,0.25968497030374
validacion_2024,cohorte_v4_1,baja_047_min30_siempre,False,0.47,30,siempre,127,0.48031496062992124,48.031496062992126,50.39370078740157,0.00024621527213368325,-0.0007537847278663176,7.493450333007166e-05,0.8783370133430334,-0.21650651942041022,-0.10577434901412086,152.1259842519685,88.9763779527559,-0.012489700725227785,-0.04293663751345311,50.0,0.2807050944100936
validacion_2024,cohorte_v4_1,baja_047_min30_solo_beneficio_neto,False,0.47,30,solo_beneficio_neto,127,0.48031496062992124,48.031496062992126,74.80314960629921,0.001888666026279266,0.0008886660262792652,0.0031455724540133687,1.1481064508216665,-0.20342032572818813,0.0961624412421831,271.76377952755905,63.77952755905512,-0.023813232119393155,-0.06163989746302656,58.333333333333336,0.23499771109728898
validacion_2024,cohorte_v4_1,baja_047_min60_siempre,False,0.47,60,siempre,127,0.48031496062992124,48.031496062992126,51.96850393700787,0.0004802211258652704,-0.0005197788741347306,0.00019900404592465646,0.9179259191643161,-0.2151839015629211,-0.08002026310225607,186.251968503937,86.61417322834646,-0.013185192730756842,-0.053002016672364816,41.66666666666667,0.26277261927291556
validacion_2024,cohorte_v4_1,baja_047_min60_solo_beneficio_neto,False,0.47,60,solo_beneficio_neto,127,0.48031496062992124,48.031496062992126,73.22834645669292,0.0018442299817301223,0.0008442299817301214,0.003642293814683285,1.1343036165116949,-0.2138306841699702,0.08928291872251926,293.8031496062992,59.84251968503938,-0.023479987855898228,-0.06163989746302656,50.0,0.22704294486193782
validacion_2024,reinversion,control_v4_1_fija_480m,True,,0,siempre,127,0.48031496062992124,48.031496062992126,61.417322834645674,0.004496752860065117,0.003496752860065116,0.005907866412025232,1.433836715067117,-0.12580432747781312,0.4989295240498677,480.0,0.0,-0.02089037695544174,-0.06163989746302656,66.66666666666666,0.2161625291627123
validacion_2024,reinversion,baja_032_min0_siempre,False,0.32,0,siempre,191,0.4816753926701571,48.167539267015705,53.403141361256544,0.002244716443133105,0.0012447164431331043,0.0009652719414093855,1.2227183318476753,-0.12838297446089675,0.2282434132963378,222.52879581151834,81.67539267015707,-0.011993828160758137,-0.062383053700501345,50.0,0.206092950877222
validacion_2024,reinversion,baja_032_min0_solo_beneficio_neto,False,0.32,0,solo_beneficio_neto,143,0.46853146853146854,46.85314685314685,69.23076923076923,0.0030873555890863972,0.0020873555890863964,0.003748251059217612,1.3226858681209959,-0.1479367719049779,0.3075897501357605,356.7412587412587,48.95104895104895,-0.021023249961436365,-0.08333127448771271,66.66666666666666,0.20926649008389114
validacion_2024,reinversion,baja_032_min30_siempre,False,0.32,30,siempre,154,0.4805194805194805,48.05194805194805,57.7922077922078,0.0035284877166389364,0.0025284877166389355,0.003159352453009024,1.3877117355797068,-0.09413329599176823,0.4265941258839294,285.95454545454544,77.27272727272727,-0.015451095100141636,-0.062383053700501345,58.333333333333336,0.2023360606268926
validacion_2024,reinversion,baja_032_min30_solo_beneficio_neto,False,0.32,30,solo_beneficio_neto,136,0.47794117647058826,47.794117647058826,66.91176470588235,0.0032409165177203483,0.0022409165177203474,0.00448686132508458,1.3288577565435062,-0.14734936920114972,0.315198816249598,376.2132352941176,45.588235294117645,-0.02059415526391363,-0.08333127448771271,66.66666666666666,0.2132159954577624
validacion_2024,reinversion,baja_032_min60_siempre,False,0.32,60,siempre,149,0.48322147651006714,48.322147651006716,57.04697986577181,0.0032300594292541803,0.0022300594292541795,0.0020810866978208118,1.3201524705448684,-0.09111535730335374,0.3479442118725897,299.83892617449663,75.83892617449665,-0.01621682662606462,-0.062383053700501345,66.66666666666666,0.19385715168253767
validacion_2024,reinversion,baja_032_min60_solo_beneficio_neto,False,0.32,60,solo_beneficio_neto,132,0.4772727272727273,47.72727272727273,65.15151515151516,0.0031197458840081446,0.0021197458840081437,0.004627266071799086,1.2855634541528682,-0.1396619176587799,0.2806788167606169,397.15909090909093,42.42424242424242,-0.02130086665502349,-0.08333127448771271,58.333333333333336,0.2084520407768783
validacion_2024,reinversion,baja_047_min0_siempre,False,0.47,0,siempre,468,0.47649572649572647,47.64957264957265,45.085470085470085,-0.0002503958274987183,-0.0012503958274987191,-0.0006775026492261685,0.6648671594578587,-0.49333951471314075,-0.45485926024333023,54.138888888888886,95.94017094017094,-0.006794277141720736,-0.0428088228627459,8.333333333333332,0.17140664364075933
validacion_2024,reinversion,baja_047_min0_solo_beneficio_neto,False,0.47,0,solo_beneficio_neto,204,0.47549019607843135,47.549019607843135,80.3921568627451,0.0014794497514364097,0.0004794497514364087,0.002169083626970326,1.1064705714756868,-0.15266729943479984,0.07571502085298021,183.24019607843138,73.52941176470588,-0.022965911598249074,-0.07155610281676406,50.0,0.20226957652288538
validacion_2024,reinversion,baja_047_min30_siempre,False,0.47,30,siempre,261,0.4674329501915709,46.74329501915709,47.89272030651341,-0.00022581954273016437,-0.0012258195427301652,-0.0007143425898278313,0.7917917583556202,-0.37952185482727196,-0.2933608431480851,131.95402298850576,90.42145593869732,-0.011298745419410908,-0.046979421678197686,25.0,0.16952107481136575
validacion_2024,reinversion,baja_047_min30_solo_beneficio_neto,False,0.47,30,solo_beneficio_neto,160,0.4875,48.75,73.75,0.0011577637624512569,0.00015776376245125594,0.0023387766125653195,1.026158410044731,-0.23349991376333268,-0.0011126188786847457,257.99375,64.375,-0.022975586372046282,-0.08333127448771271,50.0,0.20140275266473706
validacion_2024,reinversion,baja_047_min60_siempre,False,0.47,60,siempre,213,0.47417840375586856,47.417840375586856,49.76525821596244,1.6120666518535993e-05,-0.0009838793334814649,-0.0003633392680294492,0.8462065684480534,-0.33457607657235156,-0.21138347823578907,181.4600938967136,85.91549295774648,-0.012735027193561373,-0.06617619357624194,25.0,0.17854958371737953
validacion_2024,reinversion,baja_047_min60_solo_beneficio_neto,False,0.47,60,solo_beneficio_neto,151,0.4900662251655629,49.00662251655629,71.52317880794702,0.001183538618583186,0.00018353861858318504,0.003334175217048042,1.0273644927271588,-0.23561631203748834,0.00011298890070410295,291.34437086092714,58.27814569536424,-0.02355312563075561,-0.08333127448771271,25.0,0.18967941938741406
