fecha_entrada,fecha_salida_fija,indice_entrada,indice_salida_fija,probabilidad_sube_entrada,probabilidad_baja_entrada,probabilidad_baja_maxima,minuto_maximo_baja,objetivo_sube_4h,retorno_fijo_bruto,retorno_fijo_neto,operacion_positiva,excursion_favorable_maxima,excursion_adversa_maxima,cruza_baja_0_32,minuto_cruce_baja_0_32,retorno_neto_en_cruce_0_32,cruza_baja_0_47,minuto_cruce_baja_0_47,retorno_neto_en_cruce_0_47,pliegue
2023-01-12 13:30:00+00:00,2023-01-12 21:30:00+00:00,16650,17130,0.7029159069061279,0.6529931426048279,0.7699186205863953,249,1,0.03632597012489969,0.035325970124899686,True,0.053850042364495865,-0.011857648679534094,True,240.0,0.006295403190374472,True,4.0,-0.00028225669080639195,validacion_2023
2023-01-14 00:38:00+00:00,2023-01-14 08:38:00+00:00,18758,19238,0.7745713591575623,0.22027981281280518,0.8854519724845886,7,1,0.012801742246087322,0.011801742246087321,True,0.026515169806218486,-0.0020715730917625352,True,1.0,0.009797772938205163,True,1.0,0.009797772938205163,validacion_2023
2023-01-14 09:18:00+00:00,2023-01-14 17:18:00+00:00,19278,19758,0.45643019676208496,0.288894385099411,0.611501157283783,198,1,0.011079326423562463,0.010079326423562462,True,0.029280105957589786,-0.01805415566987667,True,2.0,-0.00677076572613755,True,112.0,0.004704250926837684,validacion_2023
2023-01-16 08:10:00+00:00,2023-01-16 16:10:00+00:00,22090,22570,0.5183886289596558,0.3775857985019684,0.5409479737281799,2,1,0.014773176820616296,0.013773176820616295,True,0.018210756315851118,-0.0031851292284210686,True,259.0,0.006529498475142393,True,1.0,0.003094337085911448,validacion_2023
2023-01-18 15:54:00+00:00,2023-01-18 23:54:00+00:00,25434,25914,0.5946813821792603,0.39528676867485046,0.5272497534751892,3,0,-0.009015006000099746,-0.010015006000099747,False,0.01296251567118678,-0.022005317660229395,True,45.0,-0.014024337784525498,True,2.0,0.004875017731924004,validacion_2023
2023-01-21 10:26:00+00:00,2023-01-21 18:26:00+00:00,29426,29906,0.5134773850440979,0.5553712844848633,0.5926728844642639,1,1,0.016758202451935933,0.015758202451935932,True,0.025742080625808184,-0.008340040886081534,True,255.0,0.007972467288062668,True,6.0,0.0013537146383232343,validacion_2023
2023-01-23 15:02:00+00:00,2023-01-23 23:02:00+00:00,32582,33062,0.4606282413005829,0.4938252866268158,0.5048052072525024,20,1,0.008525299597603508,0.007525299597603508,True,0.019850568573291483,-0.003445845406844672,True,259.0,0.00622650801933411,True,10.0,-0.00014909792941286606,validacion_2023
2023-01-25 01:26:00+00:00,2023-01-25 09:26:00+00:00,34646,35126,0.4724380373954773,0.22381405532360077,0.39763423800468445,116,1,0.011432173600699036,0.010432173600699035,True,0.017364716226189847,-0.0014877149591748795,True,62.0,0.00720343005416535,False,,,validacion_2023
2023-01-25 22:09:00+00:00,2023-01-26 06:09:00+00:00,35889,36369,0.6313202381134033,0.36200931668281555,0.5222496390342712,2,0,-0.011866648062356822,-0.012866648062356822,False,0.005804032612160226,-0.026403185262655726,True,39.0,-0.018465009176277136,True,2.0,0.002977737980485063,validacion_2023
2023-01-30 19:13:00+00:00,2023-01-31 03:13:00+00:00,42913,43393,0.4988788068294525,0.4563215374946594,0.4563215374946594,0,0,0.0036827536300612085,0.0026827536300612085,True,0.0061469975041406055,-0.012019116771436633,True,28.0,-0.0038862214868716763,False,,,validacion_2023
2023-02-01 19:31:00+00:00,2023-02-02 03:31:00+00:00,45811,46291,0.44947752356529236,0.34386101365089417,0.5889077186584473,315,1,0.046343185795222785,0.045343185795222785,True,0.061890879383993846,-0.003550581336550951,True,257.0,0.03636822680640728,True,11.0,0.01517462730935526,validacion_2023
2023-02-02 22:00:00+00:00,2023-02-03 06:00:00+00:00,47400,47880,0.45258399844169617,0.3692956268787384,0.3692956268787384,0,0,0.0007960679095706524,-0.0002039320904293476,False,0.004933834034945184,-0.0038952441005453142,True,5.0,-0.0006443010302504817,False,,,validacion_2023
2023-02-07 18:27:00+00:00,2023-02-08 02:27:00+00:00,54387,54867,0.4619266390800476,0.43048200011253357,0.4667993187904358,11,1,0.021160240804364294,0.020160240804364293,True,0.02798601181578997,-0.0019501576695244438,True,258.0,0.017640246099465462,False,,,validacion_2023
2023-02-09 19:26:00+00:00,2023-02-10 03:26:00+00:00,57326,57806,0.4733063876628876,0.3224990963935852,0.4988718628883362,124,0,-0.013543645446033703,-0.014543645446033704,False,0.0019663767613955496,-0.02186286235903867,True,7.0,-0.009731885430591225,True,124.0,-0.01983617555956041,validacion_2023
2023-02-14 13:32:00+00:00,2023-02-14 21:32:00+00:00,64172,64652,0.49726712703704834,0.42662230134010315,0.69802325963974,78,1,0.018990335754862198,0.017990335754862197,True,0.024056688829476203,-0.010313024638479829,True,461.0,0.01673407106383762,True,1.0,-0.0033854346707949947,validacion_2023
2023-02-16 16:07:00+00:00,2023-02-17 00:07:00+00:00,67207,67687,0.7987662553787231,0.481903612613678,0.5956465005874634,27,0,-0.04841765535457543,-0.04941765535457543,False,0.011086059238127,-0.057956606711695446,True,250.0,-0.004413485872600264,True,9.0,-0.002880908616095245,validacion_2023
2023-02-17 14:50:00+00:00,2023-02-17 22:50:00+00:00,68570,69050,0.4459916055202484,0.4503609538078308,0.5338571071624756,319,1,0.031047706458963376,0.030047706458963375,True,0.04958194765578594,-0.005416307313357183,True,399.0,0.03485283349385393,True,315.0,0.035866293722251474,validacion_2023
2023-02-19 17:57:00+00:00,2023-02-20 01:57:00+00:00,71637,72117,0.4527145028114319,0.24113482236862183,0.40479934215545654,70,1,-0.005095908495315382,-0.006095908495315382,False,0.00901286989875505,-0.02134132324496152,True,1.0,0.0001415918741317643,False,,,validacion_2023
2023-02-23 11:39:00+00:00,2023-02-23 19:39:00+00:00,77019,77499,0.44378411769866943,0.29631468653678894,0.456986665725708,234,1,0.010954693095378332,0.00995469309537833,True,0.021102313622078483,-0.005045994707458257,True,1.0,-0.00016511187543011199,False,,,validacion_2023
2023-02-24 16:03:00+00:00,2023-02-25 00:03:00+00:00,78723,79203,0.5401054620742798,0.40356776118278503,0.43820735812187195,5,1,0.0020990985461062373,0.0010990985461062372,True,0.008604315601368429,-0.012646031294550886,True,2.0,-0.006155673055891596,False,,,validacion_2023
2023-02-27 16:12:00+00:00,2023-02-28 00:12:00+00:00,83052,83532,0.4735267460346222,0.22812968492507935,0.41478225588798523,30,0,0.00542879659392459,0.00442879659392459,True,0.009519015128457653,-0.010866154608120238,True,11.0,-0.0017726681794696377,False,,,validacion_2023
2023-03-03 01:31:00+00:00,2023-03-03 09:31:00+00:00,87931,88411,0.7714688181877136,0.3242133855819702,0.5183118581771851,1,0,-0.0016401674237243036,-0.0026401674237243036,False,0.004112904880100077,-0.020219366818672757,True,9.0,-0.004281672667532987,True,1.0,-0.005538331667004125,validacion_2023
2023-03-07 15:11:00+00:00,2023-03-07 23:11:00+00:00,94511,94991,0.4731309115886688,0.42525309324264526,0.5813806056976318,13,1,0.002805456742595691,0.001805456742595691,True,0.0197896474247794,-0.005008286685303287,True,255.0,0.005790320788810922,True,10.0,0.006131763964368432,validacion_2023
2023-03-09 18:30:00+00:00,2023-03-10 02:30:00+00:00,97590,98070,0.44309279322624207,0.30563193559646606,0.4523695409297943,222,0,-0.05209935740660143,-0.05309935740660143,False,0.000729220867909941,-0.06537703743507073,True,2.0,-0.005201408629759595,False,,,validacion_2023
2023-03-13 09:37:00+00:00,2023-03-13 17:37:00+00:00,102817,103297,0.44162803888320923,0.29964593052864075,0.8272691965103149,331,1,0.09900278747842184,0.09800278747842184,True,0.11974457026717089,-0.003021482185320945,True,2.0,0.0011288857993078114,True,205.0,0.018444250203039414,validacion_2023
2023-03-14 05:15:00+00:00,2023-03-14 13:15:00+00:00,103995,104475,0.5717530846595764,0.3744518458843231,0.8304603695869446,451,0,0.06902297290224668,0.06802297290224668,True,0.07892457835581657,-0.013835097544061647,True,27.0,-0.006686799167833323,True,342.0,0.005367595875802934,validacion_2023
2023-03-14 13:15:00+00:00,2023-03-14 21:15:00+00:00,104475,104955,0.49202775955200195,0.5364683866500854,0.6499965190887451,30,0,-0.07156705888112735,-0.07256705888112736,False,0.0012637355702167508,-0.08293417674168124,True,339.0,-0.041630399036745924,True,5.0,-0.012666987317893286,validacion_2023
2023-03-14 21:23:00+00:00,2023-03-15 05:23:00+00:00,104963,105443,0.5854382514953613,0.4773103892803192,0.6507130861282349,55,1,0.02260181338358791,0.02160181338358791,True,0.03264024565021861,-3.171115013456127e-05,True,434.0,0.019253952774272665,True,24.0,0.008552881019764702,validacion_2023
2023-03-15 11:22:00+00:00,2023-03-15 19:22:00+00:00,105802,106282,0.44884467124938965,0.34326106309890747,0.7449238300323486,69,1,0.0009236723801013813,-7.632761989861871e-05,False,0.034848610548675385,-0.01854367791638556,True,342.0,-0.016631789443767753,True,34.0,0.015405144308921481,validacion_2023
2023-03-17 14:39:00+00:00,2023-03-17 22:39:00+00:00,108879,109359,0.44372937083244324,0.3745291233062744,0.5396392345428467,480,1,0.05398946874161514,0.05298946874161514,True,0.05736624021269843,-0.004569312998512154,True,365.0,0.015443657462741123,True,76.0,0.005549640827377523,validacion_2023
2023-03-18 16:31:00+00:00,2023-03-19 00:31:00+00:00,110431,110911,0.5921242237091064,0.3232397437095642,0.49203312397003174,14,1,0.013365649983551942,0.01236564998355194,True,0.029969209510956496,-0.000257399196554875,True,2.0,0.003896204804335502,True,12.0,0.019519249488386348,validacion_2023
2023-03-19 20:16:00+00:00,2023-03-20 04:16:00+00:00,112096,112576,0.5270165205001831,0.2841663360595703,0.44102743268013,24,0,-0.022286070955840787,-0.023286070955840787,False,0.009928949944488341,-0.03199804147518881,True,1.0,0.0005631083587397398,False,,,validacion_2023
2023-03-20 10:14:00+00:00,2023-03-20 18:14:00+00:00,112934,113414,0.4625554084777832,0.38615652918815613,0.5114147663116455,229,0,-0.013895859182742276,-0.014895859182742277,False,0.006110604504221628,-0.022568447099206912,False,,,True,228.0,-0.003933218296790052,validacion_2023
2023-03-22 18:01:00+00:00,2023-03-23 02:01:00+00:00,116281,116761,0.5474995970726013,0.5976681709289551,0.6309396028518677,4,0,-0.04485408243567035,-0.04585408243567035,False,0.015098812672608375,-0.06459024440673367,True,68.0,-0.03752281788241785,True,17.0,-0.0006015986688542299,validacion_2023
2023-03-27 14:27:00+00:00,2023-03-27 22:27:00+00:00,121267,121747,0.45558562874794006,0.3794681429862976,0.5217282176017761,98,0,-0.006374354157053008,-0.007374354157053008,False,0.003412780691697481,-0.02995423155896304,True,27.0,3.26900184398635e-05,True,32.0,-0.01440484339669379,validacion_2023
2023-03-30 03:09:00+00:00,2023-03-30 11:09:00+00:00,124909,125389,0.47140300273895264,0.4181531071662903,0.4931424856185913,2,0,0.003961458695642239,0.0029614586956422393,True,0.00995260779944429,-0.014108155859726246,True,53.0,-0.0013801062963922908,True,2.0,-0.008580365456585581,validacion_2023
2023-03-30 17:35:00+00:00,2023-03-31 01:35:00+00:00,125775,126255,0.4557732939720154,0.2717377841472626,0.37000563740730286,86,1,0.01311341352954476,0.012113413529544759,True,0.01948903748378239,-0.005266132448422778,True,2.0,-0.0013222842877966814,False,,,validacion_2023
2023-04-03 21:00:00+00:00,2023-04-04 05:00:00+00:00,131740,132220,0.4770415127277374,0.28960293531417847,0.4561876356601715,124,1,0.017351133869787816,0.016351133869787815,True,0.024140453547915053,-0.005111923920994799,True,1.0,-0.002111192392099558,False,,,validacion_2023
2023-04-19 08:13:00+00:00,2023-04-19 16:13:00+00:00,154013,154493,0.5953445434570312,0.2924485206604004,0.7141644358634949,9,0,-0.00368070832809142,-0.00468070832809142,False,0.005096548464643247,-0.01394418924111096,True,1.0,0.0008843866562847644,True,9.0,-0.009386574680126825,validacion_2023
2023-04-19 23:27:00+00:00,2023-04-20 07:27:00+00:00,154927,155407,0.45942384004592896,0.40771210193634033,0.4268401861190796,14,0,0.007244635145293277,0.006244635145293277,True,0.013242237219130093,-0.006553541957089459,True,120.0,0.0046649438103617555,False,,,validacion_2023
2023-04-26 19:34:00+00:00,2023-04-27 03:34:00+00:00,164774,165254,0.47077932953834534,0.32737138867378235,0.6887398362159729,146,0,0.002308741662973679,0.001308741662973679,True,0.022271832311425488,-0.055593583792619694,True,2.0,-0.0021796844604140544,True,6.0,-0.012905727884730767,validacion_2023
2023-04-27 15:47:00+00:00,2023-04-27 23:47:00+00:00,165987,166467,0.483327716588974,0.4380272924900055,0.5079704523086548,177,1,0.012130557272846954,0.011130557272846953,True,0.028310711529774713,-0.0018457299991159193,True,254.0,0.020789934940167787,True,160.0,0.020124577658100606,validacion_2023
2023-05-01 01:48:00+00:00,2023-05-01 09:48:00+00:00,170908,171388,0.44125592708587646,0.28578051924705505,0.5558903217315674,2,0,-0.0038488549996875676,-0.004848854999687568,False,0.002774625984258705,-0.013422275025677055,True,1.0,0.0005889928544212672,True,2.0,-0.0008812620724168987,validacion_2023
2023-05-04 13:27:00+00:00,2023-05-04 21:27:00+00:00,175927,176407,0.44416627287864685,0.33630311489105225,0.39895015954971313,12,0,-0.0015322240013082578,-0.0025322240013082578,False,0.003912334056710209,-0.006804224946560966,True,45.0,-0.0035485091654506853,False,,,validacion_2023
2023-05-08 01:53:00+00:00,2023-05-08 09:53:00+00:00,180993,181473,0.44161877036094666,0.32104742527008057,0.6196858286857605,355,0,-0.00890195799722815,-0.00990195799722815,False,0.00572403255037135,-0.02004157634767778,True,6.0,0.0018193738673110147,True,355.0,-0.010631143171884405,validacion_2023
2023-05-10 17:16:00+00:00,2023-05-11 01:16:00+00:00,184796,185276,0.8819582462310791,0.21103569865226746,0.6192916035652161,1,1,0.016471594079845442,0.015471594079845441,True,0.032092646354233256,-0.012360887912532204,True,1.0,0.005637619397664496,True,1.0,0.005637619397664496,validacion_2023
2023-05-12 05:54:00+00:00,2023-05-12 13:54:00+00:00,186994,187474,0.4611932933330536,0.31929412484169006,0.371635377407074,480,1,0.008937503380944456,0.007937503380944455,True,0.009443026034988034,-0.004926464929984942,True,9.0,-0.00039162043820095607,False,,,validacion_2023
2023-06-05 16:02:00+00:00,2023-06-06 00:02:00+00:00,222162,222642,0.5211511850357056,0.39779210090637207,0.5083509087562561,1,0,0.005156322255689849,0.004156322255689849,True,0.015485370761520345,-0.00841759258102015,True,3.0,0.0007770993988326378,True,1.0,-0.0030985395758083003,validacion_2023
2023-06-06 12:20:00+00:00,2023-06-06 20:20:00+00:00,223380,223860,0.4511186480522156,0.39236149191856384,0.6089115738868713,102,1,0.05665715855002462,0.05565715855002462,True,0.0626657365446226,-0.009014038102472921,False,,,True,101.0,0.00903134282271234,validacion_2023
2023-06-07 14:54:00+00:00,2023-06-07 22:54:00+00:00,224974,225454,0.4418657422065735,0.37306103110313416,0.4770774245262146,134,0,-0.003430574000350961,-0.004430574000350961,False,0.011430950078305413,-0.009572548735646391,True,232.0,0.0026455298472068964,True,134.0,0.00035987058672348835,validacion_2023
2023-06-14 20:12:00+00:00,2023-06-15 04:12:00+00:00,235372,235852,0.44297197461128235,0.37125086784362793,0.7537387013435364,19,0,-0.022681911886131,-0.023681911886131002,False,0.00025934683655437496,-0.030552150977354753,True,34.0,-0.015129715601196358,True,19.0,-0.01420989361311542,validacion_2023
2023-06-21 16:33:00+00:00,2023-06-22 00:33:00+00:00,245233,245713,0.5267089605331421,0.4745230972766876,0.6183890104293823,2,0,-0.010425280035105677,-0.011425280035105678,False,0.008633972298588422,-0.02411388394487224,True,165.0,-0.019953149279465232,True,13.0,-0.0015737424413853054,validacion_2023
2023-06-23 16:23:00+00:00,2023-06-24 00:23:00+00:00,248103,248583,0.44308120012283325,0.3802250921726227,0.5727563500404358,27,0,-0.006760595552789628,-0.007760595552789628,False,0.015147419983990718,-0.01189723349655114,True,242.0,0.0004996867270586911,True,1.0,0.0015652365348605155,validacion_2023
2023-06-27 14:17:00+00:00,2023-06-27 22:17:00+00:00,253737,254217,0.4612116515636444,0.3567945957183838,0.44894060492515564,188,0,-0.00018180876259588086,-0.0011818087625958809,False,0.006757877320790584,-0.010054545887000277,True,158.0,-0.001216671733201279,False,,,validacion_2023
2023-06-30 13:38:00+00:00,2023-06-30 21:38:00+00:00,258018,258498,0.49450868368148804,0.42541876435279846,0.632412850856781,10,1,0.009586176433134419,0.008586176433134418,True,0.01967177451875113,-0.021717214593458878,True,48.0,0.0014307840057729013,True,1.0,0.0018579122185199424,validacion_2023
2023-07-10 21:57:00+00:00,2023-07-11 05:57:00+00:00,272917,273397,0.4913696050643921,0.14023219048976898,0.35928454995155334,191,1,0.007011188002630009,0.006011188002630009,True,0.012039968302643533,-0.0015200443445486655,True,1.0,0.0011176770970725567,False,,,validacion_2023
2023-07-24 09:52:00+00:00,2023-07-24 17:52:00+00:00,292352,292832,0.4763505756855011,0.5556977987289429,0.6089075207710266,1,0,-0.0034977375146583167,-0.004497737514658317,False,0.007789822948903513,-0.01008677805143987,True,31.0,0.00483104878277152,True,59.0,0.004671561830004723,validacion_2023
2023-08-17 21:43:00+00:00,2023-08-18 05:43:00+00:00,327623,328103,0.9743505716323853,0.3939603269100189,0.870708703994751,2,1,0.014845906552157118,0.013845906552157117,True,0.04205367862220166,-0.03409492168669148,True,39.0,0.00932880535742242,True,1.0,-0.03425014815201477,validacion_2023
2023-08-29 14:23:00+00:00,2023-08-29 22:23:00+00:00,344463,344943,0.5352951288223267,0.717555582523346,0.9438338279724121,3,1,0.03356464400306547,0.03256464400306547,True,0.05415224252485462,-0.0002674443779371316,True,328.0,0.041892234898569636,True,56.0,0.023454304843140483,validacion_2023
2023-10-02 18:43:00+00:00,2023-10-03 02:43:00+00:00,393683,394163,0.45180532336235046,0.4746425747871399,0.4746425747871399,0,0,-0.0070854883167538185,-0.00808548831675382,False,0.0065341388601678485,-0.01817185908054919,True,67.0,0.0024894806338503503,False,,,validacion_2023
2023-10-16 13:31:00+00:00,2023-10-16 21:31:00+00:00,413531,414011,0.46653369069099426,0.8618522882461548,0.8618522882461548,0,0,-0.04062627383831008,-0.04162627383831008,False,0.0020827573246338105,-0.06272540389335679,True,368.0,-0.041055391475228964,True,10.0,-0.03680571477243455,validacion_2023
2023-10-18 05:03:00+00:00,2023-10-18 13:03:00+00:00,415903,416383,0.448611319065094,0.3632449507713318,0.4643945097923279,296,0,-0.01258486342681886,-0.01358486342681886,False,0.006562725171889161,-0.01521072078023089,True,21.0,0.0003064765102777098,False,,,validacion_2023
2023-10-24 15:39:00+00:00,2023-10-24 23:39:00+00:00,425179,425659,0.46228495240211487,0.5049463510513306,0.6177987456321716,53,1,0.015548793034102282,0.01454879303410228,True,0.03288513856310349,-0.0006629353648532899,True,480.0,0.01454879303410228,True,23.0,0.009905241695059908,validacion_2023
2023-11-01 13:30:00+00:00,2023-11-01 21:30:00+00:00,436570,437050,0.44251537322998047,0.3561556041240692,0.639301061630249,448,0,0.019846096916940947,0.018846096916940946,True,0.02785005094186843,-0.015035578424912655,True,80.0,-0.010131405755810063,True,1.0,-0.002094231913036814,validacion_2023
2023-11-09 16:16:00+00:00,2023-11-10 00:16:00+00:00,448256,448736,0.4569609761238098,0.6703372001647949,0.6703372001647949,0,0,0.007527077163232976,0.006527077163232976,True,0.00845096447529925,-0.024024085769640546,True,21.0,-0.013994461336686692,True,21.0,-0.013994461336686692,validacion_2023
2023-11-14 18:53:00+00:00,2023-11-15 02:53:00+00:00,455613,456093,0.6303344368934631,0.5050577521324158,0.57709801197052,1,1,0.017014953864091797,0.016014953864091797,True,0.02246619379976278,-0.000640597363490425,True,11.0,0.007329485449841245,True,4.0,0.010312634156422251,validacion_2023
2023-11-15 18:24:00+00:00,2023-11-16 02:24:00+00:00,457024,457504,0.6515331268310547,0.5181260108947754,0.6789657473564148,1,1,0.018429202734005168,0.017429202734005167,True,0.032346307336943214,-0.0012166356165456138,True,53.0,0.014439258189322124,True,7.0,0.005740694069417685,validacion_2023
2023-12-11 02:11:00+00:00,2023-12-11 10:11:00+00:00,493491,493971,0.46873190999031067,0.25898879766464233,0.6870938539505005,4,0,0.0033572104018912974,0.0023572104018912974,True,0.005910165484633634,-0.044917257683215084,True,1.0,-0.0248770685579196,True,1.0,-0.0248770685579196,validacion_2023
2023-12-11 18:30:00+00:00,2023-12-12 02:30:00+00:00,494470,494950,0.456150621175766,0.29951438307762146,0.43109771609306335,165,1,0.030684568151088998,0.029684568151088997,True,0.031325055147578995,-0.010308568082192937,True,1.0,0.0019728635772539036,False,,,validacion_2023
2023-12-14 13:30:00+00:00,2023-12-14 21:30:00+00:00,498490,498970,0.8239696621894836,0.3088535666465759,0.549851655960083,258,1,0.024611273874308948,0.023611273874308947,True,0.0353154147306165,-0.0068597395592781,True,1.0,-0.001624718191293061,True,161.0,0.016887923172061448,validacion_2023
2024-01-03 11:51:00+00:00,2024-01-03 19:51:00+00:00,3591,4071,0.4415118098258972,0.3845522105693817,0.9271828532218933,10,0,-0.03177366253181424,-0.03277366253181424,False,0.004591555289997107,-0.07455792824519614,False,,,True,4.0,-0.010499464152007754,validacion_2024
2024-01-05 01:48:00+00:00,2024-01-05 09:48:00+00:00,5868,6348,0.9146445989608765,0.6858810186386108,0.6886636018753052,1,1,0.03782552213450585,0.03682552213450585,True,0.042206925740217116,-0.0006995103427600569,True,60.0,0.023709997119663373,True,12.0,0.027675926851204236,validacion_2024
2024-01-05 14:42:00+00:00,2024-01-05 22:42:00+00:00,6642,7122,0.48322242498397827,0.5577770471572876,0.5968723893165588,372,1,0.011894175933722995,0.010894175933722994,True,0.02477552873336175,-0.004264520891162249,True,293.0,0.0065679709276064155,True,7.0,0.010896717226848485,validacion_2024
2024-01-08 15:43:00+00:00,2024-01-08 23:43:00+00:00,11023,11503,0.5410648584365845,0.588572084903717,0.7271192669868469,181,1,0.04083696148793159,0.03983696148793159,True,0.04997942218563933,-0.00457667480297741,True,381.0,0.04125963068378791,True,5.0,-0.0019764461803486446,validacion_2024
2024-01-09 12:56:00+00:00,2024-01-09 20:56:00+00:00,12296,12776,0.8087809681892395,0.9335278868675232,0.9335278868675232,0,1,0.020230335045919645,0.019230335045919644,True,0.0292845245527813,0.0001487556806074597,True,375.0,0.01874644156723726,False,,,validacion_2024
2024-01-09 21:13:00+00:00,2024-01-10 05:13:00+00:00,12793,13273,0.47086378931999207,0.8407921195030212,0.9088410139083862,2,0,-0.034789510887541675,-0.035789510887541676,False,0.006818460381236013,-0.060831588561911065,True,15.0,-0.04394383375112709,True,12.0,-0.0428088228627459,validacion_2024
2024-01-10 18:09:00+00:00,2024-01-11 02:09:00+00:00,14049,14529,0.4482426345348358,0.7228744626045227,0.7228744626045227,0,0,0.00879866397727036,0.00779866397727036,True,0.03446179538898653,-0.02834710564556353,False,,,True,16.0,0.001657514043420628,validacion_2024
2024-01-11 14:55:00+00:00,2024-01-11 22:55:00+00:00,15295,15775,0.4433955252170563,0.649941623210907,0.649941623210907,0,0,-0.04213636551410749,-0.04313636551410749,False,0.005671706531168663,-0.0579985128268683,True,82.0,-0.047641260792332774,True,8.0,-0.0010241665633907706,validacion_2024
2024-01-12 16:50:00+00:00,2024-01-13 00:50:00+00:00,16850,17330,0.5021818280220032,0.49077412486076355,0.5068200826644897,74,0,-0.022850332998813894,-0.023850332998813895,False,0.003126995712070091,-0.05346227533984127,True,24.0,-0.00672073715901833,True,74.0,-0.000635525955660853,validacion_2024
2024-01-22 19:19:00+00:00,2024-01-23 03:19:00+00:00,31399,31879,0.474514901638031,0.37418004870414734,0.41763240098953247,75,0,0.0017907526184601785,0.0007907526184601785,True,0.008299444829198643,-0.01448422700594909,True,17.0,-0.005576728813572073,False,,,validacion_2024
2024-01-23 12:32:00+00:00,2024-01-23 20:32:00+00:00,32432,32912,0.4477299451828003,0.4160882234573364,0.7040971517562866,189,1,0.012905422652334408,0.011905422652334408,True,0.021387549296195463,-0.006928448106441332,True,442.0,0.007726820710596828,True,96.0,-0.004245158470316922,validacion_2024
2024-02-09 14:20:00+00:00,2024-02-09 22:20:00+00:00,57020,57500,0.5668761134147644,0.49421635270118713,0.5573027729988098,221,1,0.015494882007794697,0.014494882007794696,True,0.032164118377660644,-0.000985052893057503,True,254.0,0.025302625380101973,True,6.0,0.0025119277056834264,validacion_2024
2024-02-13 14:22:00+00:00,2024-02-13 22:22:00+00:00,62782,63262,0.46950462460517883,0.7130841612815857,0.7130841612815857,0,1,0.014339112622220318,0.013339112622220317,True,0.01988268651128622,-0.009690490283778552,True,295.0,0.00356948114748168,True,7.0,0.002952958968163056,validacion_2024
2024-02-27 02:09:00+00:00,2024-02-27 10:09:00+00:00,82209,82689,0.4822979271411896,0.6916952729225159,0.6940386891365051,2,0,2.6517428934891285e-06,-0.000997348257106511,False,0.0055902275849499805,-0.01854682014483111,True,437.0,-0.0033579297807874156,True,24.0,-0.008344797466065201,validacion_2024
2024-02-27 16:09:00+00:00,2024-02-28 00:09:00+00:00,83049,83529,0.4542103409767151,0.4227306544780731,0.49598193168640137,22,1,0.011713117583633803,0.010713117583633802,True,0.02261419055506697,-0.0018758887564583882,True,273.0,0.00868416028229968,True,11.0,0.00762990511881101,validacion_2024
2024-02-28 14:34:00+00:00,2024-02-28 22:34:00+00:00,84394,84874,0.47548508644104004,0.4874817728996277,0.9850760102272034,181,1,0.0196301713016378,0.0186301713016378,True,0.06923604087288426,-0.019310068761901555,False,,,False,,,validacion_2024
2024-02-28 23:20:00+00:00,2024-02-29 07:20:00+00:00,84920,85400,0.4549294412136078,0.6186732649803162,0.6186732649803162,0,0,0.011519590746760677,0.010519590746760676,True,0.025780660123181365,-0.016993526804808146,True,63.0,-0.00607281478716648,True,331.0,0.005605291353388054,validacion_2024
2024-02-29 17:42:00+00:00,2024-03-01 01:42:00+00:00,86022,86502,0.5214656591415405,0.38458681106567383,0.48238101601600647,247,1,0.009736142615808241,0.00873614261580824,True,0.023355865558490008,-0.008202558033541751,True,51.0,-0.0037549974582651293,True,161.0,0.01972294366746541,validacion_2024
2024-03-04 00:47:00+00:00,2024-03-04 08:47:00+00:00,90767,91247,0.4731449484825134,0.537535548210144,0.7527387142181396,2,0,0.02989488968151255,0.028894889681512548,True,0.03374262176067666,-0.016760834569615857,True,266.0,0.0019186263059877149,True,2.0,-0.016104952495186398,validacion_2024
2024-03-04 15:20:00+00:00,2024-03-04 23:20:00+00:00,91640,92120,0.4525788724422455,0.5039129853248596,0.5813808441162109,126,1,0.03329804185296936,0.03229804185296936,True,0.03752408302737287,-1.514655810774812e-07,True,353.0,0.014654573654682701,True,6.0,0.0021077707901654428,validacion_2024
2024-03-05 05:03:00+00:00,2024-03-05 13:03:00+00:00,92463,92943,0.8371727466583252,0.5591445565223694,0.5591445565223694,0,1,0.02645001879658948,0.02545001879658948,True,0.026450170934098516,-0.0032688265223144164,True,7.0,0.01223337696129978,True,187.0,0.0021481814775322636,validacion_2024
2024-03-05 15:05:00+00:00,2024-03-05 23:05:00+00:00,93065,93545,0.8014646172523499,0.8165875673294067,0.9486863017082214,292,0,-0.06063989746302656,-0.06163989746302656,False,0.012247866327953716,-0.12710726558011087,False,,,True,35.0,-0.007193906600699406,validacion_2024
2024-03-06 12:42:00+00:00,2024-03-06 20:42:00+00:00,94362,94842,0.4473339319229126,0.44016632437705994,0.6459841728210449,148,0,0.007969526153400741,0.006969526153400741,True,0.01737829613075026,-0.024847163284202556,False,,,True,3.0,-0.011594969885059592,validacion_2024
2024-03-07 14:43:00+00:00,2024-03-07 22:43:00+00:00,95923,96403,0.7435945272445679,0.7312464118003845,0.7312464118003845,0,1,0.0014601594354826108,0.0004601594354826108,True,0.01588003709053032,-0.005622607589810369,True,281.0,0.005025492641295482,True,60.0,0.003642293814683285,validacion_2024
2024-03-08 15:31:00+00:00,2024-03-08 23:31:00+00:00,97411,97891,0.5703295469284058,0.7748427987098694,0.916272759437561,1,0,-0.012080706000334729,-0.01308070600033473,False,0.0034087173437313822,-0.04426530925406946,True,328.0,-0.002031480847532351,True,22.0,-0.01687008200793394,validacion_2024
2024-03-12 14:09:00+00:00,2024-03-12 22:09:00+00:00,103089,103569,0.44458428025245667,0.7547736167907715,0.7547736167907715,0,0,-0.01504205013378379,-0.016042050133783792,False,0.0030894768787401716,-0.047779209530197875,True,473.0,-0.018246896438414706,True,31.0,-0.004552260088881987,validacion_2024
2024-03-14 13:45:00+00:00,2024-03-14 21:45:00+00:00,105945,106425,0.4812224507331848,0.40700146555900574,0.5940492153167725,337,0,-0.014261861723744773,-0.015261861723744774,False,0.008509539028632718,-0.04684097753753658,False,,,True,12.0,-0.0016826651302299647,validacion_2024
2024-03-15 02:41:00+00:00,2024-03-15 10:41:00+00:00,106721,107201,0.47289901971817017,0.3481577932834625,0.6578100323677063,232,0,-0.03196085297723117,-0.03296085297723117,False,0.004509569417523673,-0.05736305072953052,True,6.0,-0.0050523330192646645,True,44.0,-0.030395615962234723,validacion_2024
2024-03-15 11:13:00+00:00,2024-03-15 19:13:00+00:00,107233,107713,0.4644604027271271,0.5036153793334961,0.6406077742576599,462,1,0.050056914422870635,0.049056914422870634,True,0.05510469057878886,-0.002242825512117741,False,,,True,11.0,-0.002137691087449211,validacion_2024
2024-03-15 19:50:00+00:00,2024-03-16 03:50:00+00:00,107750,108230,0.44063013792037964,0.44141754508018494,0.5263477563858032,9,1,0.01043975672597841,0.00943975672597841,True,0.021316368503858873,-0.017020724368667195,True,286.0,0.017429129891471606,True,1.0,0.003416668732347473,validacion_2024
2024-03-16 21:20:00+00:00,2024-03-17 05:20:00+00:00,109280,109760,0.520175576210022,0.3521246612071991,0.44745543599128723,163,0,0.003784672890196683,0.002784672890196683,True,0.008477612913912802,-0.02181970225448049,True,14.0,-0.0009587769031668128,False,,,validacion_2024
2024-03-18 13:44:00+00:00,2024-03-18 21:44:00+00:00,111704,112184,0.4663788378238678,0.41594672203063965,0.521543025970459,240,0,-0.0012285406448233616,-0.0022285406448233616,False,0.006600763028866696,-0.015789460454934123,True,376.0,-0.009376225306281238,True,150.0,-0.0016141963941022066,validacion_2024
2024-03-19 03:42:00+00:00,2024-03-19 11:42:00+00:00,112542,113022,0.4462859332561493,0.2857714295387268,0.6749165654182434,332,0,-0.03193155331083686,-0.03293155331083686,False,0.015934856394617558,-0.038472188379150674,True,1.0,0.0013502474851520016,True,127.0,-0.0013372000580870172,validacion_2024
2024-03-19 11:44:00+00:00,2024-03-19 19:44:00+00:00,113024,113504,0.4462207853794098,0.5094596147537231,0.6660608649253845,22,1,0.026490912180887838,0.025490912180887837,True,0.04343184282447021,-0.00965090352952458,False,,,True,126.0,0.00019900404592465646,validacion_2024
2024-03-19 20:11:00+00:00,2024-03-20 04:11:00+00:00,113531,114011,0.4461773633956909,0.34329816699028015,0.5758500099182129,287,0,-0.024161414242170887,-0.025161414242170888,False,0.007745161706459225,-0.033973438075272644,True,140.0,-0.009870557933501889,True,247.0,-0.0210672381480288,validacion_2024
2024-03-20 04:22:00+00:00,2024-03-20 12:22:00+00:00,114022,114502,0.44630321860313416,0.43731820583343506,0.6418372988700867,480,1,0.03419757952553071,0.03319757952553071,True,0.03452042346928641,-0.019448241791236942,False,,,True,9.0,-0.0045088506190907865,validacion_2024
2024-03-20 13:46:00+00:00,2024-03-20 21:46:00+00:00,114586,115066,0.45143836736679077,0.6051960587501526,0.8275018334388733,212,1,0.06540322302747836,0.06440322302747836,True,0.06839457091835843,-0.024094582672273934,False,,,False,,,validacion_2024
2024-03-21 18:45:00+00:00,2024-03-22 02:45:00+00:00,116325,116805,0.5044124722480774,0.33510154485702515,0.5388026833534241,93,1,0.008879377758003626,0.007879377758003625,True,0.016551257504882066,-0.005886052119299157,True,317.0,0.008072565115231467,True,88.0,0.006285505032422757,validacion_2024
2024-03-22 13:41:00+00:00,2024-03-22 21:41:00+00:00,117461,117941,0.4530866742134094,0.35448142886161804,0.5671096444129944,112,0,-0.017521626068702556,-0.018521626068702557,False,0.01030087207727548,-0.022389110802757406,True,430.0,-0.004216569075683573,True,35.0,-0.009100226942020284,validacion_2024
2024-03-25 14:33:00+00:00,2024-03-25 22:33:00+00:00,121833,122313,0.48258695006370544,0.5762062072753906,0.6579559445381165,27,1,0.01872216139390037,0.01772216139390037,True,0.02977966478247618,-0.0034468310213343623,True,308.0,0.02183245130256639,True,102.0,0.007531033419715284,validacion_2024
2024-03-26 14:29:00+00:00,2024-03-26 22:29:00+00:00,123269,123749,0.4442868232727051,0.4409250020980835,0.547676682472229,6,1,0.0039325241229062335,0.0029325241229062335,True,0.013115359549681793,-0.004402443870098138,True,382.0,0.00043189001866028674,True,1.0,0.0014782159144716154,validacion_2024
2024-03-27 13:45:00+00:00,2024-03-27 21:45:00+00:00,124665,125145,0.7607922554016113,0.6725928783416748,0.6744496822357178,1,0,-0.008658968881422702,-0.009658968881422703,False,0.013321027353371706,-0.01985393124872481,True,433.0,-0.01383123520389673,True,26.0,-0.01341815230499821,validacion_2024
2024-04-02 02:38:00+00:00,2024-04-02 10:38:00+00:00,132638,133118,0.4555519223213196,0.4541744291782379,0.8507896661758423,1,0,-0.01676356153877956,-0.01776356153877956,False,0.0007115771399299753,-0.022084177314789954,True,96.0,-0.011334527525570848,True,1.0,-0.011593634418914922,validacion_2024
2024-04-02 11:20:00+00:00,2024-04-02 19:20:00+00:00,133160,133640,0.443721204996109,0.4753231108188629,0.5731646418571472,192,1,0.006907866412025232,0.005907866412025232,True,0.013251063763403126,-0.012746807562711182,False,,,True,12.0,-0.00010267784972428553,validacion_2024
2024-04-09 14:48:00+00:00,2024-04-09 22:48:00+00:00,143448,143928,0.5094034671783447,0.5783829092979431,0.5783829092979431,0,0,0.008950121202284667,0.007950121202284666,True,0.009867791489022615,-0.008014417458248158,True,381.0,0.0016504819296031545,True,2.0,0.002454715952687204,validacion_2024
2024-04-10 12:40:00+00:00,2024-04-10 20:40:00+00:00,144760,145240,0.4426189363002777,0.6075490117073059,0.6149529218673706,281,1,0.03012822959568706,0.02912822959568706,True,0.03360620187300589,-0.004975710932165867,False,,,True,17.0,-0.0001349280818704326,validacion_2024
2024-04-11 13:42:00+00:00,2024-04-11 21:42:00+00:00,146262,146742,0.4653736650943756,0.5018042922019958,0.5608367323875427,14,0,0.005149854010419563,0.004149854010419563,True,0.012567842216751446,-0.004305118222934556,True,292.0,0.0015330623461383705,True,8.0,-0.0004847426575828031,validacion_2024
2024-04-12 17:30:00+00:00,2024-04-13 01:30:00+00:00,147930,148410,0.4493301212787628,0.462284654378891,0.8788001537322998,65,0,-0.018136217256803144,-0.019136217256803145,False,0.01250285828817832,-0.037946981211642306,True,45.0,0.005355266116052194,True,1.0,0.0015441166710737928,validacion_2024
2024-04-13 19:53:00+00:00,2024-04-14 03:53:00+00:00,149513,149993,0.4695391356945038,0.4949421286582947,0.8337230086326599,16,0,-0.031172527486517332,-0.03217252748651733,False,0.006312914602330633,-0.06957335599712322,True,435.0,-0.04215695763469551,True,3.0,-0.01782804800441007,validacion_2024
2024-04-14 17:15:00+00:00,2024-04-15 01:15:00+00:00,150795,151275,0.48065486550331116,0.3982327878475189,0.6678832769393921,290,0,0.02882233582382998,0.02782233582382998,True,0.03605898545025554,-0.015750530869052204,True,282.0,0.001395281163979579,True,11.0,-0.00903680692095954,validacion_2024
2024-04-15 14:46:00+00:00,2024-04-15 22:46:00+00:00,152086,152566,0.4635210931301117,0.4412364959716797,0.5177821516990662,213,0,-0.020034297556213998,-0.021034297556214,False,0.0038005232837758918,-0.036338325801405946,True,399.0,-0.029270570022784548,True,16.0,-0.00831972118766966,validacion_2024
2024-04-16 10:25:00+00:00,2024-04-16 18:25:00+00:00,153265,153745,0.47406652569770813,0.5583409070968628,0.6064636707305908,394,1,0.011580472239743012,0.01058047223974301,True,0.023121099150342772,-0.006286528245821432,False,,,True,2.0,-0.004552686978643194,validacion_2024
2024-04-17 14:11:00+00:00,2024-04-17 22:11:00+00:00,154931,155411,0.44492819905281067,0.4301823675632477,0.6559210419654846,93,0,-0.013408490282975638,-0.014408490282975639,False,0.0017139495230429347,-0.03885215309070578,False,,,True,7.0,-0.007564932386607936,validacion_2024
2024-04-18 17:53:00+00:00,2024-04-19 01:53:00+00:00,156593,157073,0.4465581774711609,0.32778429985046387,0.4373093545436859,42,1,-0.023264211829997272,-0.024264211829997273,False,0.018922606202193437,-0.03227069678013006,True,22.0,-0.003378655826381748,False,,,validacion_2024
2024-04-19 01:53:00+00:00,2024-04-19 09:53:00+00:00,157073,157553,0.4596374034881592,0.3245527148246765,0.8246649503707886,300,1,0.05818563741579785,0.05718563741579785,True,0.06530982228110549,-0.025875265636905787,True,7.0,-0.00474531284272106,True,58.0,-0.010295044353722194,validacion_2024
2024-04-19 13:36:00+00:00,2024-04-19 21:36:00+00:00,157776,158256,0.4887950122356415,0.45258477330207825,0.49146875739097595,10,0,-0.004291201317967563,-0.0052912013179675635,False,0.0075300483999305445,-0.016317221760033807,True,367.0,-0.008094639545439986,True,9.0,0.0031383203007558933,validacion_2024
2024-04-24 14:36:00+00:00,2024-04-24 22:36:00+00:00,165036,165516,0.4521816372871399,0.43078529834747314,0.5047388076782227,10,0,-0.011092258441660063,-0.012092258441660064,False,0.005619046856395249,-0.020485004684592356,True,205.0,-0.004080712353710324,True,10.0,0.0016136390935853626,validacion_2024
2024-04-30 09:45:00+00:00,2024-04-30 17:45:00+00:00,173385,173865,0.445622056722641,0.402324378490448,0.558617353439331,301,0,-0.027146953866582835,-0.028146953866582836,False,0.00104299359708393,-0.028027682444607405,False,,,True,149.0,-0.01168813634014887,validacion_2024
2024-04-30 19:22:00+00:00,2024-05-01 03:22:00+00:00,173962,174442,0.46018028259277344,0.4331522285938263,0.539890706539154,38,1,0.0027961138473810987,0.0017961138473810987,True,0.019284055992375926,-0.012078717789946847,True,347.0,-0.00023592137567540663,True,3.0,0.0013256163283835729,validacion_2024
2024-05-01 07:10:00+00:00,2024-05-01 15:10:00+00:00,174670,175150,0.47842881083488464,0.6216692328453064,0.7006545066833496,16,0,-0.02503568623433383,-0.026035686234333832,False,0.003482395929378823,-0.03437455178772664,False,,,True,15.0,-0.01013311477649148,validacion_2024
2024-05-01 19:02:00+00:00,2024-05-02 03:02:00+00:00,175382,175862,0.5270037055015564,0.6600660085678101,0.6600660085678101,0,0,-0.023793379047735375,-0.024793379047735375,False,0.0008491272010873185,-0.03684098888362852,True,331.0,-0.017037372456987887,True,21.0,-0.01109840305034182,validacion_2024
2024-05-03 12:56:00+00:00,2024-05-03 20:56:00+00:00,177896,178376,0.44315722584724426,0.5510661005973816,0.8056444525718689,8,1,0.03599927569639538,0.03499927569639538,True,0.04325749768950771,-0.0009737162634716467,True,238.0,0.015333970647876893,True,31.0,0.0051730871031207,validacion_2024
2024-05-10 14:35:00+00:00,2024-05-10 22:35:00+00:00,188075,188555,0.7660375833511353,0.5195416808128357,0.6006543040275574,17,0,-0.01876148530591104,-0.019761485305911042,False,0.00024584850179310003,-0.028436422899456137,True,159.0,-0.020905334605783588,True,17.0,-0.0159593082794931,validacion_2024
2024-05-14 12:33:00+00:00,2024-05-14 20:33:00+00:00,193713,194193,0.45342904329299927,0.5208930969238281,0.6122395992279053,118,0,0.0023086138915644483,0.0013086138915644483,True,0.013291851799804855,-0.005530166332752051,True,374.0,-0.0018584517486034393,True,8.0,0.0035147600677784005,validacion_2024
2024-05-15 12:32:00+00:00,2024-05-15 20:32:00+00:00,195152,195632,0.4601377844810486,0.9120044708251953,0.9120044708251953,0,1,0.03394541844967347,0.03294541844967347,True,0.040724630641443715,-0.008645082035283469,False,,,True,428.0,0.037576091231445896,validacion_2024
2024-05-23 20:01:00+00:00,2024-05-24 04:01:00+00:00,207121,207601,0.49765264987945557,0.8418140411376953,0.8890649676322937,1,1,0.01706850547144345,0.01606850547144345,True,0.024821016339379387,-0.0028190676060559916,False,,,True,177.0,0.013059361415080128,validacion_2024
2024-06-12 12:40:00+00:00,2024-06-12 20:40:00+00:00,235480,235960,0.4423537850379944,0.6902758479118347,0.7034457325935364,1,0,-0.017498121217030538,-0.01849812121703054,False,0.008921588664863478,-0.030700769472248646,True,261.0,0.003150906846091873,True,221.0,0.0016142973149905213,validacion_2024
2024-06-18 01:48:00+00:00,2024-06-18 09:48:00+00:00,243468,243948,0.45572298765182495,0.3874712288379669,0.4562934935092926,3,1,0.012967580585430571,0.01196758058543057,True,0.016447357757431558,-0.003257332007204128,True,27.0,0.0009944424213580447,False,,,validacion_2024
2024-06-18 14:10:00+00:00,2024-06-18 22:10:00+00:00,244210,244690,0.4453161954879761,0.3908946216106415,0.507735550403595,23,0,0.009130046597146668,0.008130046597146667,True,0.013647181784664397,-0.007212817400153004,False,,,True,2.0,0.002573630915324699,validacion_2024
2024-06-24 09:35:00+00:00,2024-06-24 17:35:00+00:00,252575,253055,0.5042003393173218,0.5059866905212402,0.738060474395752,2,1,-0.013129572207002504,-0.014129572207002505,False,0.00950142082825578,-0.02062000730375091,True,218.0,-0.002362417881885958,True,6.0,0.0012125587866872465,validacion_2024
2024-07-04 02:02:00+00:00,2024-07-04 10:02:00+00:00,266522,267002,0.49955955147743225,0.6884952783584595,0.7799085974693298,398,1,-0.008948720840203706,-0.009948720840203706,False,0.016902127050967053,-0.02098171371519486,True,80.0,0.010748494479184134,True,7.0,0.005729117645845495,validacion_2024
2024-07-04 13:32:00+00:00,2024-07-04 21:32:00+00:00,267212,267692,0.45301157236099243,0.45246320962905884,0.5549047589302063,141,1,0.028127696077179687,0.027127696077179686,True,0.033325473122746585,-0.00022700100327754935,True,383.0,0.025352896921996604,True,1.0,0.0031893924491611667,validacion_2024
2024-07-04 23:44:00+00:00,2024-07-05 07:44:00+00:00,267824,268304,0.45431944727897644,0.3347938060760498,0.7705084681510925,195,0,-0.05076888952923375,-0.05176888952923375,False,0.0074228856522680076,-0.0636542949571609,True,10.0,-0.0006656278956668196,True,66.0,0.006384546651823642,validacion_2024
2024-07-05 12:30:00+00:00,2024-07-05 20:30:00+00:00,268590,269070,0.5277668237686157,0.7353233098983765,0.7353233098983765,0,1,0.01347679756437703,0.012476797564377029,True,0.02599541216167478,-0.013783480868088227,True,336.0,0.011164804592371236,True,35.0,-0.010871604921394606,validacion_2024
2024-07-08 01:11:00+00:00,2024-07-08 09:11:00+00:00,272231,272711,0.4541962146759033,0.4157939553260803,0.8263242244720459,471,1,0.05801239189737695,0.057012391897376946,True,0.06815011653284397,-0.004495689834634664,True,3.0,0.0002635472755415655,True,231.0,0.020255436655636783,validacion_2024
2024-07-08 14:29:00+00:00,2024-07-08 22:29:00+00:00,273029,273509,0.4832690954208374,0.5588499307632446,0.6792171597480774,5,1,0.022243251609952663,0.021243251609952662,True,0.02419881688121328,-0.014846691808450219,True,395.0,0.009432198261743685,True,8.0,-0.0019682546930510627,validacion_2024
2024-07-09 14:18:00+00:00,2024-07-09 22:18:00+00:00,274458,274938,0.45510339736938477,0.5343639254570007,0.6310727000236511,5,0,0.0008661606786957154,-0.00013383932130428457,False,0.009874058504996341,-0.014257178003468485,True,409.0,0.0013694691526401357,True,30.0,-0.007619546370864704,validacion_2024
2024-07-11 12:31:00+00:00,2024-07-11 20:31:00+00:00,277231,277711,0.48261019587516785,0.8552544116973877,0.8552544116973877,0,0,-0.028499515028691857,-0.02949951502869186,False,0.006130044108004995,-0.031784586040412455,True,338.0,-0.024019711780738806,True,72.0,-0.01302403723712664,validacion_2024
2024-07-16 16:16:00+00:00,2024-07-17 00:16:00+00:00,284656,285136,0.4491158723831177,0.6114069819450378,0.6114069819450378,0,1,0.013012620376746442,0.012012620376746441,True,0.014573061117081343,-0.00524718951542702,True,256.0,0.005133306356239876,True,7.0,-3.397593225351516e-05,validacion_2024
2024-07-27 20:31:00+00:00,2024-07-28 04:31:00+00:00,300751,301231,0.45792198181152344,0.2991345524787903,0.8184067606925964,14,1,0.007415245096449308,0.006415245096449308,True,0.0292694045041344,-0.0069266678945566484,True,13.0,-0.0012137897195857441,True,14.0,0.010997664827112952,validacion_2024
2024-08-02 15:01:00+00:00,2024-08-02 23:01:00+00:00,309061,309541,0.446591317653656,0.38240230083465576,0.6829882860183716,326,0,-0.027793433850855864,-0.028793433850855865,False,0.006078385834184852,-0.03196705747914008,True,286.0,-0.011301177875984614,True,5.0,-0.009077848617885298,validacion_2024
2024-08-03 16:38:00+00:00,2024-08-04 00:38:00+00:00,310598,311078,0.45425012707710266,0.4866827428340912,0.5194854736328125,14,0,0.0011615264863460428,0.0001615264863460428,True,0.006218532723496262,-0.013938153080623628,True,56.0,-0.0007034400460393933,True,14.0,0.0036592863877827906,validacion_2024
2024-08-04 17:44:00+00:00,2024-08-05 01:44:00+00:00,312104,312584,0.5207449197769165,0.6468634605407715,0.9979053735733032,446,1,-0.03810852740203596,-0.039108527402035964,False,0.03861037512201926,-0.08833896946032638,True,49.0,0.015873344024543212,True,6.0,0.010016594617208274,validacion_2024
2024-08-05 07:31:00+00:00,2024-08-05 15:31:00+00:00,312931,313411,0.6138066053390503,0.7606725096702576,0.9803929924964905,389,0,0.037339399384095806,0.036339399384095805,True,0.0437865446859671,-0.057231925395796246,False,,,True,218.0,-0.030274378363319476,validacion_2024
2024-08-05 15:35:00+00:00,2024-08-05 23:35:00+00:00,313415,313895,0.559577226638794,0.8645594716072083,0.9167255163192749,54,0,-4.693411165745953e-05,-0.0010469341116574596,False,0.019350237558106054,-0.03647568822182978,True,255.0,-0.032470605220869975,True,170.0,-0.01534698792088307,validacion_2024
2024-08-06 08:36:00+00:00,2024-08-06 16:36:00+00:00,314436,314916,0.5347476601600647,0.4499886929988861,0.8599541783332825,329,0,0.028495614272421754,0.027495614272421753,True,0.03430766211924041,-0.009365778042811912,False,,,True,12.0,-0.002894654719719835,validacion_2024
2024-08-06 22:32:00+00:00,2024-08-07 06:32:00+00:00,315272,315752,0.44594457745552063,0.4049125015735626,0.5258562564849854,238,1,0.01175967135759759,0.010759671357597589,True,0.018086101579732672,-0.012660324419924707,False,,,True,136.0,-0.0035283328961576146,validacion_2024
2024-08-07 13:50:00+00:00,2024-08-07 21:50:00+00:00,316190,316670,0.44274547696113586,0.4496859908103943,0.5898327231407166,65,0,-0.02588859651078035,-0.02688859651078035,False,0.0005402159916219063,-0.04096708139973859,True,357.0,-0.03859468039940883,True,27.0,-0.009586240007188884,validacion_2024
2024-08-08 01:45:00+00:00,2024-08-08 09:45:00+00:00,316905,317385,0.46447449922561646,0.911677360534668,0.911677360534668,0,0,0.0071990350633741595,0.0061990350633741595,True,0.013696317221860488,-0.005016565941381335,False,,,True,34.0,0.005021532382115113,validacion_2024
2024-08-08 13:32:00+00:00,2024-08-08 21:32:00+00:00,317612,318092,0.4534858763217926,0.6187401413917542,0.7259272336959839,75,1,0.03823651864859312,0.03723651864859312,True,0.041512438281823716,-0.013518279227913599,True,404.0,0.03375651734720286,True,20.0,-0.009464256739957988,validacion_2024
2024-08-12 14:00:00+00:00,2024-08-12 22:00:00+00:00,323400,323880,0.4521681070327759,0.46637609601020813,0.7457741498947144,37,1,0.017486782123028233,0.016486782123028232,True,0.04706643845822711,-0.0031402805832423386,True,391.0,0.019405097574974772,True,1.0,-0.001783517942095191,validacion_2024
2024-08-14 13:54:00+00:00,2024-08-14 21:54:00+00:00,326274,326754,0.49829280376434326,0.4531005620956421,0.5420562624931335,116,0,-0.014059783335562348,-0.015059783335562349,False,0.000768356292630612,-0.020077236859703085,True,230.0,-0.013211114083188424,True,17.0,-0.015946001069947924,validacion_2024
2024-08-15 18:32:00+00:00,2024-08-16 02:32:00+00:00,327992,328472,0.4607594609260559,0.34333956241607666,0.5822260975837708,480,0,0.012989973879404149,0.011989973879404148,True,0.016094648828792746,-0.026254819148343156,True,18.0,0.002636706495525166,True,479.0,0.010096608350985137,validacion_2024
2024-08-16 13:56:00+00:00,2024-08-16 21:56:00+00:00,329156,329636,0.47548338770866394,0.5437897443771362,0.5440420508384705,242,1,0.015221311833889084,0.014221311833889083,True,0.029959478478688517,-0.007416433617125073,True,385.0,0.022438395889099128,True,3.0,0.0035779986769467484,validacion_2024
2024-08-20 14:17:00+00:00,2024-08-20 22:17:00+00:00,334937,335417,0.4401378631591797,0.4473550021648407,0.6014255881309509,43,0,-0.01182556320921102,-0.012825563209211022,False,0.0012092775614789275,-0.025852217896243035,True,144.0,-0.02231726065688333,True,3.0,-0.004021530065555167,validacion_2024
2024-08-21 14:21:00+00:00,2024-08-21 22:21:00+00:00,336381,336861,0.45768988132476807,0.49876803159713745,0.6166124939918518,15,1,0.02842445771654889,0.02742445771654889,True,0.03740334900714015,-0.00574053660567464,True,461.0,0.02645318624197668,True,35.0,-0.005667070188459799,validacion_2024
2024-08-23 14:49:00+00:00,2024-08-23 22:49:00+00:00,339289,339769,0.44094157218933105,0.43343108892440796,0.5604740977287292,191,1,0.0602316992169416,0.0592316992169416,True,0.06818052127472551,-0.00010935879403395354,True,349.0,0.04413525216082281,True,1.0,0.0017395611275367049,validacion_2024
2024-08-27 21:52:00+00:00,2024-08-28 05:52:00+00:00,345472,345952,0.4863318204879761,0.6023573279380798,0.7327382564544678,24,0,-0.019263402776135585,-0.020263402776135586,False,-1.653780683508188e-07,-0.04024475292599283,True,75.0,-0.019695990623725068,True,40.0,-0.025041009791870072,validacion_2024
2024-08-28 20:24:00+00:00,2024-08-29 04:24:00+00:00,346824,347304,0.44842472672462463,0.5389103889465332,0.6377153992652893,2,1,0.008794403898957581,0.007794403898957581,True,0.013906902213626227,-7.97709278944625e-05,True,256.0,0.007294983346114337,True,7.0,0.0037898351383779403,validacion_2024
2024-09-04 01:05:00+00:00,2024-09-04 09:05:00+00:00,355745,356225,0.45953333377838135,0.666480541229248,0.666480541229248,0,1,0.014718528590061286,0.013718528590061285,True,0.016638802572009892,-0.002338012155662983,True,7.0,-9.14434041587777e-06,False,,,validacion_2024
2024-09-05 15:32:00+00:00,2024-09-05 23:32:00+00:00,358052,358532,0.4420357644557953,0.393039733171463,0.48448625206947327,364,1,0.004624428370514355,0.003624428370514355,True,0.01549402862292859,-0.003600876286647514,True,219.0,0.010317269988185163,True,364.0,0.004072277174179796,validacion_2024
2024-09-06 13:43:00+00:00,2024-09-06 21:43:00+00:00,359383,359863,0.44438436627388,0.4966183602809906,0.6234239339828491,97,0,-0.046546311769663506,-0.04754631176966351,False,0.002168912749801688,-0.06307961362865255,True,296.0,-0.04490314436186993,True,9.0,-0.0006970832090494863,validacion_2024
2024-09-11 13:46:00+00:00,2024-09-11 21:46:00+00:00,366586,367066,0.4435604512691498,0.5015160441398621,0.5976172685623169,189,1,0.02001616979852816,0.01901616979852816,True,0.030730616773997355,-0.012582968878826373,True,404.0,0.022802633174183407,True,4.0,-0.004893657620515301,validacion_2024
2024-09-18 18:03:00+00:00,2024-09-19 02:03:00+00:00,376923,377403,0.49279797077178955,0.7614662647247314,0.7705112099647522,33,0,0.024233533492067805,0.023233533492067804,True,0.035843711020061564,-0.015722801529399644,False,,,True,95.0,-0.002317363664031901,validacion_2024
2024-10-01 15:07:00+00:00,2024-10-01 23:07:00+00:00,395467,395947,0.44487035274505615,0.4547572135925293,0.5865924954414368,3,0,-0.02100380130146251,-0.02200380130146251,False,0.011883254944913269,-0.03092584240706142,True,74.0,0.004798756523419879,True,3.0,-0.0022241479286128065,validacion_2024
2024-10-02 18:26:00+00:00,2024-10-03 02:26:00+00:00,397106,397586,0.4666774868965149,0.43119344115257263,0.5036587119102478,42,0,0.00019653084601545245,-0.0008034691539845476,False,0.0019432171494027095,-0.01816396661757491,True,212.0,-0.0049702176403207945,True,42.0,-0.006760104729176874,validacion_2024
2024-10-03 14:13:00+00:00,2024-10-03 22:13:00+00:00,398293,398773,0.44570520520210266,0.5487408638000488,0.580231785774231,4,0,0.00323733972758955,0.00223733972758955,True,0.008316548685929126,-0.01120584592560081,True,403.0,0.0014744187121106265,True,9.0,-0.005027655267959007,validacion_2024
2024-10-15 14:29:00+00:00,2024-10-15 22:29:00+00:00,415589,416069,0.4791065752506256,0.5798988342285156,0.6349099278450012,7,0,0.000418862150041166,-0.000581137849958834,False,0.008845356633126578,-0.029940260496927995,True,412.0,-0.008874698241108314,True,29.0,-0.022168107434698436,validacion_2024
2024-10-16 13:39:00+00:00,2024-10-16 21:39:00+00:00,416979,417459,0.4402388036251068,0.4126865267753601,0.5408717393875122,43,1,0.004345603309984236,0.003345603309984236,True,0.015474224813317505,-0.002241928144426697,True,372.0,0.005778855738071021,True,24.0,0.0039354826864902446,validacion_2024
2024-11-05 19:57:00+00:00,2024-11-06 03:57:00+00:00,446157,446637,0.46295711398124695,0.40299078822135925,0.8870086669921875,430,1,0.08043226926234603,0.07943226926234603,True,0.09097193089231048,-0.00019302930030573595,True,32.0,0.009523660708311454,True,273.0,0.024338914066904915,validacion_2024
2024-11-06 04:03:00+00:00,2024-11-06 12:03:00+00:00,446643,447123,0.4470461308956146,0.6173871159553528,0.6914024949073792,23,0,0.004084401251772896,0.0030844012517728956,True,0.01667938744497599,-0.020408254066098808,False,,,True,219.0,-0.012154241762740048,validacion_2024
2024-11-06 14:46:00+00:00,2024-11-06 22:46:00+00:00,447286,447766,0.4403032064437866,0.49329665303230286,0.5399053692817688,369,1,0.021563623098332707,0.020563623098332706,True,0.032237144324046785,-0.007106763585267628,True,290.0,0.014582052044207816,True,2.0,0.00010803361526201625,validacion_2024
2024-11-12 00:19:00+00:00,2024-11-12 08:19:00+00:00,455059,455539,0.4888775646686554,0.48415908217430115,0.6920186877250671,45,1,0.027615640813356324,0.026615640813356323,True,0.03823579796397736,-0.0002065158819832824,False,,,True,69.0,0.023752931278809952,validacion_2024
2024-11-12 10:30:00+00:00,2024-11-12 18:30:00+00:00,455670,456150,0.4683811068534851,0.5500556230545044,0.6786723136901855,259,0,0.011986227927277548,0.010986227927277548,True,0.011986342301864017,-0.026992516813922007,False,,,True,11.0,-0.013398319562823668,validacion_2024
2024-11-13 14:36:00+00:00,2024-11-13 22:36:00+00:00,457356,457836,0.5623229742050171,0.7884427309036255,0.8027815222740173,15,1,-0.005620844160441729,-0.006620844160441729,False,0.03343708077330465,-0.025230805643249088,False,,,True,269.0,0.016773245083188004,validacion_2024
2024-11-14 14:37:00+00:00,2024-11-14 22:37:00+00:00,458797,459277,0.46200621128082275,0.47377169132232666,0.5955411195755005,1,0,-0.037043850222167274,-0.038043850222167275,False,0.00029063066193102394,-0.04191345503272137,True,332.0,-0.026858753057952045,True,25.0,-0.02218136079881161,validacion_2024
2024-11-15 15:08:00+00:00,2024-11-15 23:08:00+00:00,460268,460748,0.4475736916065216,0.3352656960487366,0.5079256892204285,310,1,0.03264929117496185,0.03164929117496185,True,0.03854042161009841,-0.0077676265523973775,True,391.0,0.030495985535285874,True,75.0,0.009588363394848032,validacion_2024
2024-11-19 15:28:00+00:00,2024-11-19 23:28:00+00:00,466048,466528,0.4607907831668854,0.4223441481590271,0.598875880241394,180,1,0.005810386793073441,0.004810386793073441,True,0.02615537331833484,-0.0020978674049014767,True,303.0,0.014418636991572087,True,3.0,0.003720802675234559,validacion_2024
2024-11-20 18:38:00+00:00,2024-11-21 02:38:00+00:00,467678,468158,0.45147258043289185,0.4637802243232727,0.4921615421772003,2,1,0.007408144912641301,0.006408144912641301,True,0.016797276464542543,-0.0028905447070914914,True,104.0,0.005894484412470092,True,1.0,5.0552415210681524e-05,validacion_2024
2024-11-26 15:21:00+00:00,2024-11-26 23:21:00+00:00,476121,476601,0.45234763622283936,0.45116499066352844,0.5682481527328491,69,0,-0.005762918022612862,-0.006762918022612862,False,0.024819890547310042,-0.017331831190065983,True,252.0,-0.006719624432434567,True,7.0,0.005575971646161971,validacion_2024
2024-12-05 22:27:00+00:00,2024-12-06 06:27:00+00:00,489507,489987,0.5540200471878052,0.33131563663482666,0.8468602299690247,4,1,0.01969383943635239,0.01869383943635239,True,0.0274106965848826,-0.05917341783376806,True,58.0,0.010061105802862458,True,1.0,-0.03775565153488314,validacion_2024
2024-12-09 21:05:00+00:00,2024-12-10 05:05:00+00:00,495185,495665,0.5765621662139893,0.8959167003631592,0.8959167003631592,0,1,0.015505665127989898,0.014505665127989897,True,0.02956357532522036,-0.005062736046999583,True,365.0,0.010139949643306667,True,64.0,0.015458980276961687,validacion_2024
2024-12-10 15:31:00+00:00,2024-12-10 23:31:00+00:00,496291,496771,0.46888890862464905,0.42808350920677185,0.5561869740486145,86,0,0.002298042200054029,0.001298042200054029,True,0.0055882162462572715,-0.024870541795028234,False,,,True,2.0,0.002760065896590392,validacion_2024
2024-12-18 20:08:00+00:00,2024-12-19 04:08:00+00:00,508088,508568,0.4536689221858978,0.5751515626907349,0.7728086113929749,3,0,0.0009286153538659025,-7.138464613409747e-05,False,0.015561159240464972,-0.022386209987784955,True,327.0,-0.006782844511596386,True,32.0,-0.002824875116818947,validacion_2024
2024-12-19 15:34:00+00:00,2024-12-19 23:34:00+00:00,509254,509734,0.47047242522239685,0.3764572739601135,0.7442682385444641,144,0,-0.02329489254957562,-0.02429489254957562,False,0.013858097735720332,-0.04124288583687319,True,106.0,-0.001649790871730671,True,15.0,0.006165532270993147,validacion_2024
2024-12-20 10:15:00+00:00,2024-12-20 18:15:00+00:00,510375,510855,0.5336030125617981,0.5910688042640686,0.7510054111480713,308,1,0.025119957774524027,0.024119957774524026,True,0.03633164479515427,-0.02166325607129116,True,60.0,-0.0008666664403779159,True,125.0,-0.01149675608041345,validacion_2024
2024-12-23 14:58:00+00:00,2024-12-23 22:58:00+00:00,514978,515458,0.4417625069618225,0.446831077337265,0.4954216480255127,154,0,0.009109914545676334,0.008109914545676333,True,0.00918524957167799,-0.01831033722822495,True,350.0,-0.012409330529455587,True,2.0,-0.00232069727977957,validacion_2024
