fecha_utc,identificador,simbolo,objetivo,variante,tipo_modelo,pliegue,variables,epocas,muestras,positivos,prevalencia,pr_auc,pr_auc_lift,roc_auc,brier,log_loss,ruta,ruta_umbrales,uso_2025,uso_2026
2026-07-04T21:35:03.135808+00:00,20260704T213421Z_3083f830,BTCUSDT,largo_tp070_sl035_240m,sgd_sin_pesos,sgd,validacion_2023,101,3,521918,110757,0.21221149682517176,0.26360082696759546,1.2421609145180303,0.5919440485411429,0.1648670881986618,0.5098467469215393,C:\xampp\htdocs\tutan_gestion\modelos_entrenados\cripto\corto_plazo_v5\desarrollo\BTCUSDT\largo_tp070_sl035_240m\sgd_sin_pesos\validacion_2023\20260704T213421Z_3083f830,C:\xampp\htdocs\tutan_gestion\modelos_entrenados\cripto\corto_plazo_v5\desarrollo\BTCUSDT\largo_tp070_sl035_240m\sgd_sin_pesos\validacion_2023\20260704T213421Z_3083f830\metricas_umbrales.csv,False,False
2026-07-04T21:35:48.020710+00:00,20260704T213421Z_3083f830,BTCUSDT,largo_tp070_sl035_240m,sgd_sin_pesos,sgd,validacion_2024,101,3,526800,144006,0.2733599088838269,0.3214930098741761,1.1760795911400634,0.575217168189605,0.20575517416000366,0.6141119599342346,C:\xampp\htdocs\tutan_gestion\modelos_entrenados\cripto\corto_plazo_v5\desarrollo\BTCUSDT\largo_tp070_sl035_240m\sgd_sin_pesos\validacion_2024\20260704T213421Z_3083f830,C:\xampp\htdocs\tutan_gestion\modelos_entrenados\cripto\corto_plazo_v5\desarrollo\BTCUSDT\largo_tp070_sl035_240m\sgd_sin_pesos\validacion_2024\20260704T213421Z_3083f830\metricas_umbrales.csv,False,False
2026-07-04T21:36:27.630888+00:00,20260704T213421Z_3083f830,BTCUSDT,largo_tp070_sl035_240m,sgd_moderado,sgd,validacion_2023,101,3,521918,110757,0.21221149682517176,0.2780729974571313,1.310357834600351,0.6119674277747981,0.17270013689994812,0.5264643430709839,C:\xampp\htdocs\tutan_gestion\modelos_entrenados\cripto\corto_plazo_v5\desarrollo\BTCUSDT\largo_tp070_sl035_240m\sgd_moderado\validacion_2023\20260704T213421Z_3083f830,C:\xampp\htdocs\tutan_gestion\modelos_entrenados\cripto\corto_plazo_v5\desarrollo\BTCUSDT\largo_tp070_sl035_240m\sgd_moderado\validacion_2023\20260704T213421Z_3083f830\metricas_umbrales.csv,False,False
2026-07-04T21:37:13.604425+00:00,20260704T213421Z_3083f830,BTCUSDT,largo_tp070_sl035_240m,sgd_moderado,sgd,validacion_2024,101,3,526800,144006,0.2733599088838269,0.3236220951930634,1.1838681704075233,0.5815613871161462,0.19820958375930786,0.5836714506149292,C:\xampp\htdocs\tutan_gestion\modelos_entrenados\cripto\corto_plazo_v5\desarrollo\BTCUSDT\largo_tp070_sl035_240m\sgd_moderado\validacion_2024\20260704T213421Z_3083f830,C:\xampp\htdocs\tutan_gestion\modelos_entrenados\cripto\corto_plazo_v5\desarrollo\BTCUSDT\largo_tp070_sl035_240m\sgd_moderado\validacion_2024\20260704T213421Z_3083f830\metricas_umbrales.csv,False,False
2026-07-04T21:38:11.264666+00:00,20260704T213421Z_3083f830,BTCUSDT,largo_tp070_sl035_240m,histgb_moderado,histgb,validacion_2023,101,3,521918,110757,0.21221149682517176,0.28976487274782786,1.3654532251216702,0.6340767619104214,0.16949359123476387,0.516399714591755,C:\xampp\htdocs\tutan_gestion\modelos_entrenados\cripto\corto_plazo_v5\desarrollo\BTCUSDT\largo_tp070_sl035_240m\histgb_moderado\validacion_2023\20260704T213421Z_3083f830,C:\xampp\htdocs\tutan_gestion\modelos_entrenados\cripto\corto_plazo_v5\desarrollo\BTCUSDT\largo_tp070_sl035_240m\histgb_moderado\validacion_2023\20260704T213421Z_3083f830\metricas_umbrales.csv,False,False
2026-07-04T21:39:06.086241+00:00,20260704T213421Z_3083f830,BTCUSDT,largo_tp070_sl035_240m,histgb_moderado,histgb,validacion_2024,101,3,526800,144006,0.2733599088838269,0.322641199183896,1.1802798753529464,0.5825864010376339,0.2040140820880848,0.5946326036141769,C:\xampp\htdocs\tutan_gestion\modelos_entrenados\cripto\corto_plazo_v5\desarrollo\BTCUSDT\largo_tp070_sl035_240m\histgb_moderado\validacion_2024\20260704T213421Z_3083f830,C:\xampp\htdocs\tutan_gestion\modelos_entrenados\cripto\corto_plazo_v5\desarrollo\BTCUSDT\largo_tp070_sl035_240m\histgb_moderado\validacion_2024\20260704T213421Z_3083f830\metricas_umbrales.csv,False,False
2026-07-04T21:45:24.037837+00:00,20260704T214443Z_8ec6802b,BTCUSDT,largo_tp050_sl030_120m,sgd_sin_pesos,sgd,validacion_2023,101,3,522039,111594,0.21376563819944486,0.27819415706042927,1.3013979206558546,0.610422363819187,0.16500544548034668,0.5084787607192993,C:\xampp\htdocs\tutan_gestion\modelos_entrenados\cripto\corto_plazo_v5\desarrollo\BTCUSDT\largo_tp050_sl030_120m\sgd_sin_pesos\validacion_2023\20260704T214443Z_8ec6802b,C:\xampp\htdocs\tutan_gestion\modelos_entrenados\cripto\corto_plazo_v5\desarrollo\BTCUSDT\largo_tp050_sl030_120m\sgd_sin_pesos\validacion_2023\20260704T214443Z_8ec6802b\metricas_umbrales.csv,False,False
2026-07-04T21:46:19.694438+00:00,20260704T214443Z_8ec6802b,BTCUSDT,largo_tp050_sl030_120m,sgd_sin_pesos,sgd,validacion_2024,101,3,526920,150105,0.28487246640856295,0.34385562440610273,1.207051101642608,0.5908592966784376,0.20847798883914948,0.617091178894043,C:\xampp\htdocs\tutan_gestion\modelos_entrenados\cripto\corto_plazo_v5\desarrollo\BTCUSDT\largo_tp050_sl030_120m\sgd_sin_pesos\validacion_2024\20260704T214443Z_8ec6802b,C:\xampp\htdocs\tutan_gestion\modelos_entrenados\cripto\corto_plazo_v5\desarrollo\BTCUSDT\largo_tp050_sl030_120m\sgd_sin_pesos\validacion_2024\20260704T214443Z_8ec6802b\metricas_umbrales.csv,False,False
2026-07-04T21:47:01.224285+00:00,20260704T214443Z_8ec6802b,BTCUSDT,largo_tp050_sl030_120m,sgd_moderado,sgd,validacion_2023,101,3,522039,111594,0.21376563819944486,0.29640652001836953,1.3865957247152143,0.6343287898553003,0.17667809128761292,0.534584641456604,C:\xampp\htdocs\tutan_gestion\modelos_entrenados\cripto\corto_plazo_v5\desarrollo\BTCUSDT\largo_tp050_sl030_120m\sgd_moderado\validacion_2023\20260704T214443Z_8ec6802b,C:\xampp\htdocs\tutan_gestion\modelos_entrenados\cripto\corto_plazo_v5\desarrollo\BTCUSDT\largo_tp050_sl030_120m\sgd_moderado\validacion_2023\20260704T214443Z_8ec6802b\metricas_umbrales.csv,False,False
2026-07-04T21:47:49.465578+00:00,20260704T214443Z_8ec6802b,BTCUSDT,largo_tp050_sl030_120m,sgd_moderado,sgd,validacion_2024,101,3,526920,150105,0.28487246640856295,0.34820328418302915,1.2223128776637802,0.5981392542313207,0.20271742343902588,0.5936590433120728,C:\xampp\htdocs\tutan_gestion\modelos_entrenados\cripto\corto_plazo_v5\desarrollo\BTCUSDT\largo_tp050_sl030_120m\sgd_moderado\validacion_2024\20260704T214443Z_8ec6802b,C:\xampp\htdocs\tutan_gestion\modelos_entrenados\cripto\corto_plazo_v5\desarrollo\BTCUSDT\largo_tp050_sl030_120m\sgd_moderado\validacion_2024\20260704T214443Z_8ec6802b\metricas_umbrales.csv,False,False
2026-07-04T21:48:47.291528+00:00,20260704T214443Z_8ec6802b,BTCUSDT,largo_tp050_sl030_120m,histgb_moderado,histgb,validacion_2023,101,3,522039,111594,0.21376563819944486,0.32734707576347766,1.5313362733165772,0.6708539163414811,0.16428410275739916,0.5012028645174936,C:\xampp\htdocs\tutan_gestion\modelos_entrenados\cripto\corto_plazo_v5\desarrollo\BTCUSDT\largo_tp050_sl030_120m\histgb_moderado\validacion_2023\20260704T214443Z_8ec6802b,C:\xampp\htdocs\tutan_gestion\modelos_entrenados\cripto\corto_plazo_v5\desarrollo\BTCUSDT\largo_tp050_sl030_120m\histgb_moderado\validacion_2023\20260704T214443Z_8ec6802b\metricas_umbrales.csv,False,False
2026-07-04T21:49:44.452178+00:00,20260704T214443Z_8ec6802b,BTCUSDT,largo_tp050_sl030_120m,histgb_moderado,histgb,validacion_2024,101,3,526920,150105,0.28487246640856295,0.3515532621225506,1.2340724484701668,0.6078065485701128,0.20533637085431516,0.5969792423064971,C:\xampp\htdocs\tutan_gestion\modelos_entrenados\cripto\corto_plazo_v5\desarrollo\BTCUSDT\largo_tp050_sl030_120m\histgb_moderado\validacion_2024\20260704T214443Z_8ec6802b,C:\xampp\htdocs\tutan_gestion\modelos_entrenados\cripto\corto_plazo_v5\desarrollo\BTCUSDT\largo_tp050_sl030_120m\histgb_moderado\validacion_2024\20260704T214443Z_8ec6802b\metricas_umbrales.csv,False,False
2026-07-04T21:50:23.518561+00:00,20260704T214443Z_8ec6802b,BTCUSDT,largo_tp070_sl035_240m,sgd_sin_pesos,sgd,validacion_2023,101,3,521918,110757,0.21221149682517176,0.26360082696759546,1.2421609145180303,0.5919440485411429,0.1648670881986618,0.5098467469215393,C:\xampp\htdocs\tutan_gestion\modelos_entrenados\cripto\corto_plazo_v5\desarrollo\BTCUSDT\largo_tp070_sl035_240m\sgd_sin_pesos\validacion_2023\20260704T214443Z_8ec6802b,C:\xampp\htdocs\tutan_gestion\modelos_entrenados\cripto\corto_plazo_v5\desarrollo\BTCUSDT\largo_tp070_sl035_240m\sgd_sin_pesos\validacion_2023\20260704T214443Z_8ec6802b\metricas_umbrales.csv,False,False
2026-07-04T21:51:22.526582+00:00,20260704T214443Z_8ec6802b,BTCUSDT,largo_tp070_sl035_240m,sgd_sin_pesos,sgd,validacion_2024,101,3,526800,144006,0.2733599088838269,0.3214930098741761,1.1760795911400634,0.575217168189605,0.20575517416000366,0.6141119599342346,C:\xampp\htdocs\tutan_gestion\modelos_entrenados\cripto\corto_plazo_v5\desarrollo\BTCUSDT\largo_tp070_sl035_240m\sgd_sin_pesos\validacion_2024\20260704T214443Z_8ec6802b,C:\xampp\htdocs\tutan_gestion\modelos_entrenados\cripto\corto_plazo_v5\desarrollo\BTCUSDT\largo_tp070_sl035_240m\sgd_sin_pesos\validacion_2024\20260704T214443Z_8ec6802b\metricas_umbrales.csv,False,False
2026-07-04T21:52:07.900738+00:00,20260704T214443Z_8ec6802b,BTCUSDT,largo_tp070_sl035_240m,sgd_moderado,sgd,validacion_2023,101,3,521918,110757,0.21221149682517176,0.2780729974571313,1.310357834600351,0.6119674277747981,0.17270013689994812,0.5264643430709839,C:\xampp\htdocs\tutan_gestion\modelos_entrenados\cripto\corto_plazo_v5\desarrollo\BTCUSDT\largo_tp070_sl035_240m\sgd_moderado\validacion_2023\20260704T214443Z_8ec6802b,C:\xampp\htdocs\tutan_gestion\modelos_entrenados\cripto\corto_plazo_v5\desarrollo\BTCUSDT\largo_tp070_sl035_240m\sgd_moderado\validacion_2023\20260704T214443Z_8ec6802b\metricas_umbrales.csv,False,False
2026-07-04T21:52:57.224657+00:00,20260704T214443Z_8ec6802b,BTCUSDT,largo_tp070_sl035_240m,sgd_moderado,sgd,validacion_2024,101,3,526800,144006,0.2733599088838269,0.3236220951930634,1.1838681704075233,0.5815613871161462,0.19820958375930786,0.5836714506149292,C:\xampp\htdocs\tutan_gestion\modelos_entrenados\cripto\corto_plazo_v5\desarrollo\BTCUSDT\largo_tp070_sl035_240m\sgd_moderado\validacion_2024\20260704T214443Z_8ec6802b,C:\xampp\htdocs\tutan_gestion\modelos_entrenados\cripto\corto_plazo_v5\desarrollo\BTCUSDT\largo_tp070_sl035_240m\sgd_moderado\validacion_2024\20260704T214443Z_8ec6802b\metricas_umbrales.csv,False,False
2026-07-04T21:53:53.665175+00:00,20260704T214443Z_8ec6802b,BTCUSDT,largo_tp070_sl035_240m,histgb_moderado,histgb,validacion_2023,101,3,521918,110757,0.21221149682517176,0.28976487274782786,1.3654532251216702,0.6340767619104214,0.16949359123476387,0.516399714591755,C:\xampp\htdocs\tutan_gestion\modelos_entrenados\cripto\corto_plazo_v5\desarrollo\BTCUSDT\largo_tp070_sl035_240m\histgb_moderado\validacion_2023\20260704T214443Z_8ec6802b,C:\xampp\htdocs\tutan_gestion\modelos_entrenados\cripto\corto_plazo_v5\desarrollo\BTCUSDT\largo_tp070_sl035_240m\histgb_moderado\validacion_2023\20260704T214443Z_8ec6802b\metricas_umbrales.csv,False,False
2026-07-04T21:54:42.274709+00:00,20260704T214443Z_8ec6802b,BTCUSDT,largo_tp070_sl035_240m,histgb_moderado,histgb,validacion_2024,101,3,526800,144006,0.2733599088838269,0.322641199183896,1.1802798753529464,0.5825864010376339,0.2040140820880848,0.5946326036141769,C:\xampp\htdocs\tutan_gestion\modelos_entrenados\cripto\corto_plazo_v5\desarrollo\BTCUSDT\largo_tp070_sl035_240m\histgb_moderado\validacion_2024\20260704T214443Z_8ec6802b,C:\xampp\htdocs\tutan_gestion\modelos_entrenados\cripto\corto_plazo_v5\desarrollo\BTCUSDT\largo_tp070_sl035_240m\histgb_moderado\validacion_2024\20260704T214443Z_8ec6802b\metricas_umbrales.csv,False,False
2026-07-04T21:55:17.120584+00:00,20260704T214443Z_8ec6802b,BTCUSDT,largo_tp100_sl050_480m,sgd_sin_pesos,sgd,validacion_2023,101,3,521674,117998,0.22619106951851156,0.272940986791253,1.2066833026266557,0.5809889679545246,0.17397314310073853,0.5328426957130432,C:\xampp\htdocs\tutan_gestion\modelos_entrenados\cripto\corto_plazo_v5\desarrollo\BTCUSDT\largo_tp100_sl050_480m\sgd_sin_pesos\validacion_2023\20260704T214443Z_8ec6802b,C:\xampp\htdocs\tutan_gestion\modelos_entrenados\cripto\corto_plazo_v5\desarrollo\BTCUSDT\largo_tp100_sl050_480m\sgd_sin_pesos\validacion_2023\20260704T214443Z_8ec6802b\metricas_umbrales.csv,False,False
2026-07-04T21:55:59.286556+00:00,20260704T214443Z_8ec6802b,BTCUSDT,largo_tp100_sl050_480m,sgd_sin_pesos,sgd,validacion_2024,101,3,526560,148148,0.28135065329687026,0.32670915659462546,1.1612169823181278,0.5756904477878575,0.20960064232349396,0.621170699596405,C:\xampp\htdocs\tutan_gestion\modelos_entrenados\cripto\corto_plazo_v5\desarrollo\BTCUSDT\largo_tp100_sl050_480m\sgd_sin_pesos\validacion_2024\20260704T214443Z_8ec6802b,C:\xampp\htdocs\tutan_gestion\modelos_entrenados\cripto\corto_plazo_v5\desarrollo\BTCUSDT\largo_tp100_sl050_480m\sgd_sin_pesos\validacion_2024\20260704T214443Z_8ec6802b\metricas_umbrales.csv,False,False
2026-07-04T21:56:34.212496+00:00,20260704T214443Z_8ec6802b,BTCUSDT,largo_tp100_sl050_480m,sgd_moderado,sgd,validacion_2023,101,3,521674,117998,0.22619106951851156,0.28180839007992564,1.2458864564361696,0.5942739052729561,0.1804467737674713,0.5438393950462341,C:\xampp\htdocs\tutan_gestion\modelos_entrenados\cripto\corto_plazo_v5\desarrollo\BTCUSDT\largo_tp100_sl050_480m\sgd_moderado\validacion_2023\20260704T214443Z_8ec6802b,C:\xampp\htdocs\tutan_gestion\modelos_entrenados\cripto\corto_plazo_v5\desarrollo\BTCUSDT\largo_tp100_sl050_480m\sgd_moderado\validacion_2023\20260704T214443Z_8ec6802b\metricas_umbrales.csv,False,False
2026-07-04T21:57:13.403211+00:00,20260704T214443Z_8ec6802b,BTCUSDT,largo_tp100_sl050_480m,sgd_moderado,sgd,validacion_2024,101,3,526560,148148,0.28135065329687026,0.3275446034618342,1.1641863973787254,0.5801337630075223,0.20158733427524567,0.591209352016449,C:\xampp\htdocs\tutan_gestion\modelos_entrenados\cripto\corto_plazo_v5\desarrollo\BTCUSDT\largo_tp100_sl050_480m\sgd_moderado\validacion_2024\20260704T214443Z_8ec6802b,C:\xampp\htdocs\tutan_gestion\modelos_entrenados\cripto\corto_plazo_v5\desarrollo\BTCUSDT\largo_tp100_sl050_480m\sgd_moderado\validacion_2024\20260704T214443Z_8ec6802b\metricas_umbrales.csv,False,False
2026-07-04T21:57:55.945246+00:00,20260704T214443Z_8ec6802b,BTCUSDT,largo_tp100_sl050_480m,histgb_moderado,histgb,validacion_2023,101,3,521674,117998,0.22619106951851156,0.2944377134566641,1.301721213323885,0.6101045104619214,0.18050954979797412,0.5560864908103845,C:\xampp\htdocs\tutan_gestion\modelos_entrenados\cripto\corto_plazo_v5\desarrollo\BTCUSDT\largo_tp100_sl050_480m\histgb_moderado\validacion_2023\20260704T214443Z_8ec6802b,C:\xampp\htdocs\tutan_gestion\modelos_entrenados\cripto\corto_plazo_v5\desarrollo\BTCUSDT\largo_tp100_sl050_480m\histgb_moderado\validacion_2023\20260704T214443Z_8ec6802b\metricas_umbrales.csv,False,False
2026-07-04T21:58:39.523859+00:00,20260704T214443Z_8ec6802b,BTCUSDT,largo_tp100_sl050_480m,histgb_moderado,histgb,validacion_2024,101,3,526560,148148,0.28135065329687026,0.3332054985352397,1.1843068236406553,0.5843802598285808,0.20589039851215532,0.5987314077714787,C:\xampp\htdocs\tutan_gestion\modelos_entrenados\cripto\corto_plazo_v5\desarrollo\BTCUSDT\largo_tp100_sl050_480m\histgb_moderado\validacion_2024\20260704T214443Z_8ec6802b,C:\xampp\htdocs\tutan_gestion\modelos_entrenados\cripto\corto_plazo_v5\desarrollo\BTCUSDT\largo_tp100_sl050_480m\histgb_moderado\validacion_2024\20260704T214443Z_8ec6802b\metricas_umbrales.csv,False,False
