rejilla_minutos,variante,semilla,margen_ev,aprobada_dos_pliegues,operaciones_2023,operaciones_2024,precision_tp_2023,porcentaje_acierto_tp_2023,precision_tp_2024,porcentaje_acierto_tp_2024,retorno_neto_medio_2023,retorno_neto_medio_2024,retorno_neto_mediano_2023,retorno_neto_mediano_2024,factor_beneficio_2023,factor_beneficio_2024,drawdown_2023,drawdown_2024,concentracion_2023,concentracion_2024,retorno_medio_promedio,peor_retorno_medio,peor_pf
30,macro_nasdaq100,42,0.001,False,317,672,0.2616822429906542,26.168224299065415,0.25,25.0,-0.0005949508662501,-0.0006058753476106,-0.0059999998882412,-0.0059999998882412,0.8202170363787948,0.8327318516690178,-0.230879614521285,-0.4034620428086726,0.1294189131587851,0.138129390006426,-0.0006004131069303499,-0.0006058753476106,0.8202170363787948
15,macro_nasdaq100,42,0.0005,False,843,1149,0.2394185549380077,23.94185549380077,0.2806603773584906,28.066037735849054,-0.0007558670953272,-0.0006541909655979,-0.0059999998882412,-0.0059999998882412,0.7736621357484231,0.8221718596157808,-0.5419829771223232,-0.5552275041197051,0.1197414962635555,0.1169439294297057,-0.00070502903046255,-0.0007558670953272,0.7736621357484231
30,macro_reservas_fed,42,0.0005,False,963,1214,0.2091611479028697,20.916114790286976,0.2935560859188544,29.35560859188544,-0.0007056942817361,-0.0007826467638104,-0.0059999998882412,-0.0059999998882412,0.7894518692029174,0.7877998011134573,-0.5215324601788502,-0.6670052088824531,0.1328847301644263,0.107916203550203,-0.00074417052277325,-0.0007826467638104,0.7877998011134573
15,control_63_eventos,42,0.001,False,880,470,0.2489403786380333,24.894037863803334,0.2916328188464663,29.16328188464663,-0.0007680605590496,-0.0008025381626924,-0.0059999998882412,-0.0059999998882412,0.7714313649890387,0.7845856446624059,-0.5344776421473759,-0.3652275413266371,0.137714447173968,0.1409552184076213,-0.000785299360871,-0.0008025381626924,0.7714313649890387
10,control_63_eventos,42,0.001,False,997,547,0.2446148229280759,24.46148229280759,0.2902621722846442,29.02621722846441,-0.0007510665391316,-0.0008144498796441,-0.0059999998882412,-0.0059999998882412,0.7767294424375556,0.7786635061553906,-0.562410215548989,-0.3694544964090807,0.1341313384080024,0.1501598894641678,-0.0007827582093878501,-0.0008144498796441,0.7767294424375556
15,macro_reservas_fed,42,0.001,False,898,654,0.2243985522674047,22.439855226740477,0.2876782077393075,28.76782077393075,-0.0007909420034332,-0.0008230132160539,-0.0059999998882412,-0.0059999998882412,0.7698901265516171,0.7749450982200996,-0.5378201874414713,-0.4624399534787204,0.1545612627452733,0.1275468507267022,-0.00080697760974355,-0.0008230132160539,0.7698901265516171
15,macro_dolar,42,0.0,False,1586,1809,0.2426991777714771,24.26991777714772,0.2924826279216677,29.248262792166773,-0.0008280871015358,-0.0007424582585126,-0.0059999998882412,-0.0059999998882412,0.769162280819882,0.7995452486734894,-0.746658045418092,-0.7628438280104264,0.1558806183576295,0.1165258104677793,-0.0007852726800242,-0.0008280871015358,0.769162280819882
15,macro_vix,42,0.001,False,966,810,0.2299692744032143,22.99692744032144,0.28171404327535,28.171404327535004,-0.0005001861581095,-0.0008281999093922,-0.0059999998882412,-0.0059999998882412,0.8482706293754633,0.7746798062594464,-0.4400341686254803,-0.5134934403151596,0.1159094085585989,0.1288956463435608,-0.00066419303375085,-0.0008281999093922,0.7746798062594464
30,macro_reservas_fed,42,0.001,False,703,796,0.2091611479028697,20.916114790286976,0.2935560859188544,29.35560859188544,-0.0006101166981466,-0.0008309054486736,-0.0059999998882412,-0.0059999998882412,0.8166984844091779,0.7751761249412166,-0.3954445240619932,-0.5248475280925511,0.138579378877111,0.1202460048273577,-0.0007205110734100999,-0.0008309054486736,0.7751761249412166
30,control_63_eventos,42,0.0005,False,1091,882,0.2310513447432763,23.10513447432763,0.2824207492795389,28.24207492795389,-0.0007663662641981,-0.0008337872081893,-0.0059999998882412,-0.0059999998882412,0.7719849865938383,0.7742064258737312,-0.5870874764361387,-0.5591214792368976,0.1284213330476294,0.1226126904116622,-0.0008000767361937,-0.0008337872081893,0.7719849865938383
30,macro_vix,42,0.0005,False,893,1042,0.2270773638968481,22.70773638968481,0.2774427020506634,27.744270205066343,-0.0006857603916629,-0.0008378964145717,-0.0059999998882412,-0.0059999998882412,0.7967788557521944,0.7736998474383905,-0.4726376363685225,-0.6204219251809604,0.1258819188848781,0.1136570044450926,-0.0007618284031172999,-0.0008378964145717,0.7736998474383905
30,macro_nasdaq100,42,0.0005,False,431,1011,0.2616822429906542,26.168224299065415,0.25,25.0,-0.000840099278862,-0.0007936355828482,-0.0059999998882412,-0.0059999998882412,0.7555689076903478,0.7860021089965601,-0.3512616104486078,-0.6114973030019116,0.1251355735247586,0.1310518570488894,-0.0008168674308551001,-0.000840099278862,0.7555689076903478
30,macro_dolar,42,0.0,False,1210,1576,0.2250196695515342,22.50196695515342,0.2685393258426966,26.853932584269664,-0.0008415167634763,-0.0008139771243925,-0.0059999998882412,-0.0059999998882412,0.759643086962664,0.7797577162121855,-0.6583561593135074,-0.7721366209832752,0.123185674894556,0.1071945738534297,-0.0008277469439344,-0.0008415167634763,0.759643086962664
30,macro_vix,42,0.001,False,651,622,0.2270773638968481,22.70773638968481,0.2774427020506634,27.744270205066343,-0.0008492689019831,-0.0007349013036068,-0.0059999998882412,-0.0059999998882412,0.7488531095145717,0.7990963698197625,-0.4456136374597701,-0.4304851425912848,0.1421880344778025,0.1308778028491146,-0.00079208510279495,-0.0008492689019831,0.7488531095145717
15,macro_reservas_fed,42,0.00025,False,1339,1377,0.2243985522674047,22.439855226740477,0.2876782077393075,28.76782077393075,-0.0008262238693125,-0.0008545779594708,-0.0059999998882412,-0.0059999998882412,0.7631304915348057,0.772046252363514,-0.6931830508674638,-0.7069481338002188,0.131527800314437,0.1111821698684551,-0.00084040091439165,-0.0008545779594708,0.7631304915348057
30,control_63_eventos,42,0.001,False,804,515,0.2310513447432763,23.10513447432763,0.2824207492795389,28.24207492795389,-0.0007417365994643,-0.0008558600131536,-0.0059999998882412,-0.0059999998882412,0.7749780386196843,0.7693450102101285,-0.4707271500652211,-0.376717373373999,0.1413537899372764,0.1372724395915439,-0.0007987983063089501,-0.0008558600131536,0.7693450102101285
15,macro_nasdaq100,42,0.001,False,687,746,0.2394185549380077,23.94185549380077,0.2806603773584906,28.066037735849054,-0.0008586956834643,-0.0006049787208825,-0.0059999998882412,-0.0059999998882412,0.7444475915431877,0.8323987818675692,-0.509120994773465,-0.4579278160219697,0.1350115242081571,0.1289703702967022,-0.0007318372021734,-0.0008586956834643,0.7444475915431877
10,macro_vix,42,0.001,False,925,878,0.2263444520081688,22.634445200816884,0.2906746031746032,29.06746031746032,-0.0007726513103957,-0.0008593911623692,-0.0059999998882412,-0.0059999998882412,0.7705964888089365,0.76909410020864,-0.5231866099058672,-0.5434367493983832,0.1071192460799815,0.1262109394883601,-0.00081602123638245,-0.0008593911623692,0.76909410020864
15,macro_vix,42,0.00025,False,1434,1577,0.2299692744032143,22.99692744032144,0.28171404327535,28.171404327535004,-0.0007833681005039,-0.0008619727463957,-0.0059999998882412,-0.0059999998882412,0.7734720959268057,0.7702787268531532,-0.6882727754400024,-0.7591864774194836,0.1321553401927013,0.1114054167163423,-0.0008226704234498,-0.0008619727463957,0.7702787268531532
15,control_63_eventos,42,0.0005,False,1182,839,0.2489403786380333,24.894037863803334,0.2916328188464663,29.16328188464663,-0.0008662092370116,-0.0007361759849286,-0.0059999998882412,-0.0059999998882412,0.747432468812461,0.8001142681224258,-0.6566173510887698,-0.4814977750809545,0.1231389379486978,0.1214620761092486,-0.0008011926109701,-0.0008662092370116,0.747432468812461
15,macro_reservas_fed,42,0.0,False,1490,1716,0.2243985522674047,22.439855226740477,0.2876782077393075,28.76782077393075,-0.0008665424104426,-0.0008368817956704,-0.0059999998882412,-0.0059999998882412,0.7529659508256974,0.7765712610644462,-0.7390807344624353,-0.7827177866000287,0.1471185145871711,0.1071612377177874,-0.0008517121030565001,-0.0008665424104426,0.7529659508256974
30,control_63_eventos,42,0.00025,False,1252,1140,0.2310513447432763,23.10513447432763,0.2824207492795389,28.24207492795389,-0.0008673159543759,-0.0008363689635944,-0.0059999998882412,-0.0059999998882412,0.7457341961730667,0.7737371822135883,-0.6773367833227076,-0.6316835325448873,0.1239761012257122,0.1159470886481204,-0.00085184245898515,-0.0008673159543759,0.7457341961730667
15,macro_dolar,42,0.001,False,932,643,0.2426991777714771,24.26991777714772,0.2924826279216677,29.248262792166773,-0.0007629049672164,-0.0008737148248883,-0.0059999998882412,-0.0059999998882412,0.781079153457988,0.7651589985316106,-0.5475934364865949,-0.4751844623799024,0.1420456339533175,0.1395466409708049,-0.00081830989605235,-0.0008737148248883,0.7651589985316106
15,macro_reservas_fed,42,0.0005,False,1171,1076,0.2243985522674047,22.439855226740477,0.2876782077393075,28.76782077393075,-0.000876108190743,-0.0008160359561035,-0.0059999998882412,-0.0059999998882412,0.749469778175995,0.7793806851701716,-0.6570040531304034,-0.6007792801139573,0.1361837274624194,0.1128283059439651,-0.0008460720734232499,-0.000876108190743,0.749469778175995
30,macro_dolar,42,0.00025,False,1072,1298,0.2250196695515342,22.50196695515342,0.2685393258426966,26.853932584269664,-0.0008782270939609,-0.0007911250986442,-0.0059999998882412,-0.0059999998882412,0.7480609347298643,0.7854797713882753,-0.6273315654201672,-0.6821980124323521,0.1256240576873918,0.1053736667973563,-0.00083467609630255,-0.0008782270939609,0.7480609347298643
10,macro_vix,42,0.00025,False,1336,1630,0.2263444520081688,22.634445200816884,0.2906746031746032,29.06746031746032,-0.0008795390544025,-0.0007873438924171,-0.0059999998882412,-0.0059999998882412,0.7458632203052046,0.7890056345820273,-0.7134471199805024,-0.739706169457642,0.1229414384881603,0.1091862769287958,-0.0008334414734098,-0.0008795390544025,0.7458632203052046
10,macro_reservas_fed,42,0.0005,False,1248,1171,0.2251746336118339,22.5174633611834,0.2906137184115523,29.06137184115524,-0.0008819470542496,-0.0008582946195745,-0.0059999998882412,-0.0059999998882412,0.7474987383797617,0.7695879890099869,-0.6797426288504247,-0.6496785730756229,0.1185244689625572,0.1181809012187248,-0.00087012083691205,-0.0008819470542496,0.7474987383797617
10,macro_vix,42,0.0005,False,1200,1305,0.2263444520081688,22.634445200816884,0.2906746031746032,29.06746031746032,-0.0008848691786361,-0.0008616678779494,-0.0059999998882412,-0.0059999998882412,0.7431457894065517,0.7701125330023372,-0.674119986917181,-0.6942819960687796,0.1122269125484509,0.1173673285546777,-0.00087326852829275,-0.0008848691786361,0.7431457894065517
15,control_63_eventos,42,0.00025,False,1362,1114,0.2489403786380333,24.894037863803334,0.2916328188464663,29.16328188464663,-0.0008875503563543,-0.0007066096958606,-0.0059999998882412,-0.0059999998882412,0.7437017730382429,0.8074110289544253,-0.7169344710616105,-0.5774454454637341,0.1346844659557947,0.1161142343115277,-0.00079708002610745,-0.0008875503563543,0.7437017730382429
15,macro_spread_baa,42,0.00025,False,1300,903,0.2334735576923076,23.347355769230766,0.28125,28.125,-0.0008926404456282,-0.0007578695393702,-0.0059999998882412,-0.0059999998882412,0.7491343741398695,0.7928767265662653,-0.7012262022154989,-0.5522018746199504,0.1574082907336781,0.1285629402085344,-0.0008252549924992,-0.0008926404456282,0.7491343741398695
15,macro_nasdaq100,42,0.0,False,1027,1791,0.2394185549380077,23.94185549380077,0.2806603773584906,28.066037735849054,-0.0008981372518198,-0.0007836942062133,-0.0059999998882412,-0.0059999998882412,0.7386420657394449,0.790504656804209,-0.647972857069485,-0.7786829869558951,0.119510962404416,0.108143084573862,-0.0008409157290165501,-0.0008981372518198,0.7386420657394449
15,macro_nasdaq100,42,0.00025,False,920,1413,0.2394185549380077,23.94185549380077,0.2806603773584906,28.066037735849054,-0.000900178468386,-0.0007520827971405,-0.0059999998882412,-0.0059999998882412,0.7369376945483757,0.7977644541031095,-0.6156500572972022,-0.6808725585754511,0.1159194475694288,0.1169937338810351,-0.00082613063276325,-0.000900178468386,0.7369376945483757
15,macro_vix,42,0.0005,False,1257,1294,0.2299692744032143,22.99692744032144,0.28171404327535,28.171404327535004,-0.0006563959686975,-0.0009021420890594,-0.0059999998882412,-0.0059999998882412,0.8058350284099202,0.7589570532498024,-0.5863822842647264,-0.7065958455395285,0.1296880506202194,0.111741525419633,-0.00077926902887845,-0.0009021420890594,0.7589570532498024
10,macro_nasdaq100,42,0.00025,False,1021,1600,0.2320403947670415,23.20403947670416,0.3022138680033417,30.221386800334173,-0.0008835781498085,-0.0009131772706084,-0.0059999998882412,-0.0059999998882412,0.7426845928463264,0.7594781656187536,-0.6145949818181715,-0.7838598039868481,0.1234367346221871,0.1179813587441279,-0.00089837771020845,-0.0009131772706084,0.7426845928463264
10,control_63_eventos,42,0.0005,False,1315,902,0.2446148229280759,24.46148229280759,0.2902621722846442,29.02621722846441,-0.0009179244520321,-0.0007783317781665,-0.0059999998882412,-0.0059999998882412,0.7358918271700204,0.7892191015561268,-0.7177445072116164,-0.5220291689403669,0.1201687825708388,0.1277174231582964,-0.0008481281150993,-0.0009179244520321,0.7358918271700204
15,macro_vix,42,0.0,False,1615,1953,0.2299692744032143,22.99692744032144,0.28171404327535,28.171404327535004,-0.0009091996974493,-0.0009196420516891,-0.0059999998882412,-0.0059999998882412,0.7429963451588745,0.7567407405957984,-0.7833039464587382,-0.8448397527723347,0.1379466306762126,0.1037730857054378,-0.0009144208745692,-0.0009196420516891,0.7429963451588745
30,control_63_eventos,42,0.0,False,1391,1420,0.2310513447432763,23.10513447432763,0.2824207492795389,28.24207492795389,-0.0009222186920113,-0.0007903701127834,-0.0059999998882412,-0.0059999998882412,0.7312941101478007,0.7862590573753139,-0.7367000598493156,-0.6913723621820138,0.1219224949305979,0.1096422163076987,-0.00085629440239735,-0.0009222186920113,0.7312941101478007
10,macro_reservas_fed,42,0.00025,False,1398,1431,0.2251746336118339,22.5174633611834,0.2906137184115523,29.06137184115524,-0.0009046749695013,-0.0009229498826305,-0.0059999998882412,-0.0059999998882412,0.7439871219193043,0.7556687013744461,-0.7350419415833702,-0.7476638467264951,0.1257001879251235,0.1066437966710072,-0.0009138124260659,-0.0009229498826305,0.7439871219193043
15,macro_dolar,42,0.00025,False,1395,1422,0.2426991777714771,24.26991777714772,0.2924826279216677,29.248262792166773,-0.0008276466265119,-0.0009232720548781,-0.0059999998882412,-0.0059999998882412,0.7693223156411785,0.7554615020444974,-0.7065681234471758,-0.7534916485365909,0.1542561019436192,0.1100830946697358,-0.0008754593406950001,-0.0009232720548781,0.7554615020444974
30,macro_reservas_fed,42,0.00025,False,1105,1487,0.2091611479028697,20.916114790286976,0.2935560859188544,29.35560859188544,-0.0009233373576082,-0.0009004998297364,-0.0059999998882412,-0.0059999998882412,0.7343457940880896,0.7603449869936736,-0.6526638922517545,-0.7640658642908915,0.129762898474734,0.1013289848598514,-0.0009119185936723,-0.0009233373576082,0.7343457940880896
10,macro_vix,42,0.0,False,1516,2000,0.2263444520081688,22.634445200816884,0.2906746031746032,29.06746031746032,-0.000927410288103,-0.0009149930741906,-0.0059999998882412,-0.0059999998882412,0.7356815924678093,0.7579166773548586,-0.7730908309380147,-0.8488139975963688,0.1288188183841631,0.1048394719146456,-0.0009212016811468,-0.000927410288103,0.7356815924678093
15,macro_dolar,42,0.0005,False,1232,1103,0.2426991777714771,24.26991777714772,0.2924826279216677,29.248262792166773,-0.0009372360633757,-0.0008735426185191,-0.0059999998882412,-0.0059999998882412,0.7390858996108259,0.7660680239236343,-0.7020235840391811,-0.637796448215943,0.1538896318282692,0.1188073218749674,-0.0009053893409474,-0.0009372360633757,0.7390858996108259
30,macro_nasdaq100,42,0.00025,False,501,1250,0.2616822429906542,26.168224299065415,0.25,25.0,-0.0009079759786137,-0.0009454087102745,-0.0059999998882412,-0.0059999998882412,0.7391750759916837,0.7499391973851866,-0.4157980208083216,-0.7181110638917045,0.1298428243512757,0.1167287621237263,-0.0009266923444441,-0.0009454087102745,0.7391750759916837
30,macro_reservas_fed,42,0.0,False,1269,1775,0.2091611479028697,20.916114790286976,0.2935560859188544,29.35560859188544,-0.000945467616482,-0.000879685536544,-0.0059999998882412,-0.0059999998882412,0.7302018269083272,0.7666694704006942,-0.7108022855442236,-0.8057235432383465,0.1245445470819062,0.0989539191851519,-0.000912576576513,-0.000945467616482,0.7302018269083272
15,macro_spread_baa,42,0.0,False,1430,1186,0.2334735576923076,23.347355769230766,0.28125,28.125,-0.0009578543621975,-0.0006650041861862,-0.0059999998882412,-0.0059999998882412,0.7341166332848637,0.8176857849742346,-0.7595385276651885,-0.5966660536095517,0.1590092037606045,0.1128135601561694,-0.00081142927419185,-0.0009578543621975,0.7341166332848637
30,macro_spread_baa,42,0.0005,False,984,637,0.2305900621118012,23.05900621118013,0.2789855072463768,27.898550724637683,-0.0009584719177279,-0.0009265886394873,-0.0059999998882412,-0.0059999998882412,0.730081165555077,0.7507276526308166,-0.6341506761573659,-0.4897859193701169,0.1146124874539061,0.1372019736618677,-0.0009425302786076,-0.0009584719177279,0.730081165555077
30,macro_dolar,42,0.001,False,683,626,0.2250196695515342,22.50196695515342,0.2685393258426966,26.853932584269664,-0.0009506132894293,-0.0009591544649051,-0.0059999998882412,-0.0059999998882412,0.7251771993614478,0.7427165057730213,-0.4857998559913363,-0.5063589436443844,0.1354600398687503,0.1247687767498965,-0.0009548838771672,-0.0009591544649051,0.7251771993614478
30,macro_nasdaq100,42,0.0,False,570,1501,0.2616822429906542,26.168224299065415,0.25,25.0,-0.0009636293730234,-0.000959467631084,-0.0059999998882412,-0.0059999998882412,0.7247572155269355,0.7475501078795412,-0.4610604672342157,-0.773359872557573,0.1350449092892965,0.1101766453153943,-0.0009615485020537,-0.0009636293730234,0.7247572155269355
30,macro_vix,42,0.00025,False,1045,1301,0.2270773638968481,22.70773638968481,0.2774427020506634,27.744270205066343,-0.0007643670532295,-0.0009669518950057,-0.0059999998882412,-0.0059999998882412,0.7770345069835638,0.7432811980301379,-0.5644721846408999,-0.7365862848973022,0.1243795691174846,0.1092966575156639,-0.0008656594741176,-0.0009669518950057,0.7432811980301379
30,macro_completo,42,0.0,False,656,1287,0.271047227926078,27.10472279260781,0.2766143106457243,27.66143106457243,-0.0004475671098881,-0.0009692655856366,-0.0059999998882412,-0.0059999998882412,0.8638455431648799,0.7413913327774969,-0.3142409231724473,-0.7308652734316159,0.1546647214794295,0.1132765253788826,-0.00070841634776235,-0.0009692655856366,0.7413913327774969
15,control_63_eventos,42,0.0,False,1567,1434,0.2489403786380333,24.894037863803334,0.2916328188464663,29.16328188464663,-0.0009721350417311,-0.0007242672571996,-0.0059999998882412,-0.0059999998882412,0.7219641374144873,0.803395132242887,-0.7930055575111967,-0.6764736084481533,0.1406744131785834,0.1053076361933241,-0.00084820114946535,-0.0009721350417311,0.7219641374144873
30,macro_vix,42,0.0,False,1199,1608,0.2270773638968481,22.70773638968481,0.2774427020506634,27.744270205066343,-0.0007385320591234,-0.0009753488036821,-0.0059999998882412,-0.0059999998882412,0.7835530214019376,0.7425040564362219,-0.5996528413402225,-0.8068830601288297,0.1308591134623898,0.1076182580534289,-0.00085694043140275,-0.0009753488036821,0.7425040564362219
10,macro_nasdaq100,42,0.001,False,755,879,0.2320403947670415,23.20403947670416,0.3022138680033417,30.221386800334173,-0.0009760696931542,-0.0008737505325344,-0.0059999998882412,-0.0059999998882412,0.7175017582657254,0.766659568488218,-0.5368632888614652,-0.5738758120868686,0.1270716033393011,0.1363331206438016,-0.0009249101128443,-0.0009760696931542,0.7175017582657254
5,macro_nasdaq100,42,0.00025,False,1064,1711,0.2352852171281585,23.528521712815856,0.2789057490916862,27.890574909168624,-0.0009767687192438,-0.0009049957643406,-0.0059999998882412,-0.0059999998882412,0.7244662283671999,0.7617244459330543,-0.6736073939545937,-0.8013198143105464,0.1256111313293481,0.1224459104114501,-0.0009408822417922001,-0.0009767687192438,0.7244662283671999
30,macro_dolar,42,0.0005,False,952,1055,0.2250196695515342,22.50196695515342,0.2685393258426966,26.853932584269664,-0.000978194829647,-0.0008476839676897,-0.0059999998882412,-0.0059999998882412,0.7222307398663883,0.7721159738757283,-0.6190726726202052,-0.6367177548366016,0.128113240945095,0.1139975838058711,-0.0009129393986683499,-0.000978194829647,0.7222307398663883
10,macro_completo,42,0.00025,False,1231,1142,0.2304761904761904,23.047619047619047,0.2816041848299913,28.160418482999127,-0.0009874625304794,-0.0008406253343523,-0.0059999998882412,-0.0059999998882412,0.7222518462872288,0.7698316429739361,-0.7220725849666718,-0.6346488529973509,0.1353743314145592,0.1416735795437515,-0.00091404393241585,-0.0009874625304794,0.7222518462872288
10,macro_nasdaq100,42,0.0005,False,924,1304,0.2320403947670415,23.20403947670416,0.3022138680033417,30.221386800334173,-0.0008729254214543,-0.0009895130952558,-0.0059999998882412,-0.0059999998882412,0.7452003374174474,0.7405213329795184,-0.5681375527594159,-0.7502312290111595,0.122216707768316,0.120747462265786,-0.0009312192583550501,-0.0009895130952558,0.7405213329795184
10,macro_reservas_fed,42,0.0,False,1594,1774,0.2251746336118339,22.5174633611834,0.2906137184115523,29.06137184115524,-0.0009746410452538,-0.0009924773203345,-0.0059999998882412,-0.0059999998882412,0.7280891865662272,0.7399790758530512,-0.8059641710917131,-0.8416480924591555,0.1334505749779452,0.1053431068178199,-0.00098355918279415,-0.0009924773203345,0.7280891865662272
5,control_63_eventos,42,0.0005,False,1402,1049,0.24128545087365,24.128545087365,0.2779329608938548,27.79329608938548,-0.0010001032001607,-0.0009037729014252,-0.0059999998882412,-0.0059999998882412,0.7177611009040881,0.7572644695088713,-0.7613414140067541,-0.6405947065769566,0.1141296660137454,0.130571680975416,-0.00095193805079295,-0.0010001032001607,0.7177611009040881
10,macro_dolar,42,0.0,False,1534,1728,0.2344972333524136,23.44972333524137,0.2701582516955539,27.01582516955539,-0.0010043638481625,-0.0008817151720621,-0.0059999998882412,-0.0059999998882412,0.7236377038909686,0.7649328283237706,-0.7998713879266859,-0.8006314587352398,0.138323924461188,0.1077602466381573,-0.0009430395101123,-0.0010043638481625,0.7236377038909686
5,macro_nasdaq100,42,0.0,False,1162,2076,0.2352852171281585,23.528521712815856,0.2789057490916862,27.890574909168624,-0.0009849003371143,-0.0010108957302316,-0.0059999998882412,-0.0059999998882412,0.7246808220539687,0.737301732758589,-0.7034566354407652,-0.8848309291034415,0.1218493720808319,0.1161090672243575,-0.00099789803367295,-0.0010108957302316,0.7246808220539687
15,macro_rendimiento_real,42,0.00025,False,1469,1214,0.2313564298297122,23.135642982971227,0.2746403835908364,27.46403835908364,-0.0009103811095188,-0.0010173944088637,-0.0059999998882412,-0.0059999998882412,0.7434744927426424,0.7279863493195576,-0.7542028360705559,-0.7330047389660517,0.1799246936867058,0.1211183314433633,-0.0009638877591912501,-0.0010173944088637,0.7279863493195576
30,macro_spread_baa,42,0.00025,False,1128,837,0.2305900621118012,23.05900621118013,0.2789855072463768,27.898550724637683,-0.0010184024798059,-0.0007599714173949,-0.0059999998882412,-0.0059999998882412,0.7160467915573413,0.7922303701346797,-0.7039335311041635,-0.5150353716126481,0.1223429628352589,0.1248224095513577,-0.0008891869486004,-0.0010184024798059,0.7160467915573413
10,macro_completo,42,0.0,False,1328,1286,0.2304761904761904,23.047619047619047,0.2816041848299913,28.160418482999127,-0.0010194468639192,-0.0008735397836893,-0.0059999998882412,-0.0059999998882412,0.7143195048723676,0.7632097719969095,-0.7574544664327597,-0.6889335731490543,0.1316463145422748,0.1353582063258828,-0.00094649332380425,-0.0010194468639192,0.7143195048723676
15,macro_spread_baa,42,0.0005,False,1172,660,0.2334735576923076,23.347355769230766,0.28125,28.125,-0.0010224132701239,-0.0007142020954263,-0.0059999998882412,-0.0059999998882412,0.7170440249807712,0.8030259446651131,-0.7073717322393782,-0.4361100050705773,0.1567921232406237,0.14193813745537,-0.0008683076827751,-0.0010224132701239,0.7170440249807712
10,macro_reservas_fed,42,0.001,False,969,774,0.2251746336118339,22.5174633611834,0.2906137184115523,29.06137184115524,-0.0008006158277411,-0.001024283250081,-0.0059999998882412,-0.0059999998882412,0.764556855217487,0.7249298017053611,-0.5690571482312123,-0.5957465257857545,0.1317141175132531,0.1430065049438972,-0.00091244953891105,-0.001024283250081,0.7249298017053611
5,macro_reservas_fed,42,0.0,False,1736,2161,0.2329602470088768,23.29602470088769,0.2745639213954515,27.456392139545155,-0.0010250641260606,-0.0009582901480688,-0.0059999998882412,-0.0059999998882412,0.7183290129763952,0.7479135067223347,-0.844741874725569,-0.8814373657469159,0.1486669405212296,0.1070117313609636,-0.0009916771370647,-0.0010250641260606,0.7183290129763952
10,macro_dolar,42,0.00025,False,1362,1348,0.2344972333524136,23.44972333524137,0.2701582516955539,27.01582516955539,-0.0010327225050718,-0.00085980549057,-0.0059999998882412,-0.0059999998882412,0.715160152689016,0.770591571359291,-0.767796931281733,-0.7049630438097085,0.1369790934603496,0.113538167144679,-0.0009462639978209,-0.0010327225050718,0.715160152689016
30,macro_rendimiento_real,42,0.00025,False,1342,1391,0.2301273605621431,23.012736056214315,0.2640926640926641,26.409266409266408,-0.0010212524185529,-0.0010336244487519,-0.0059999998882412,-0.0059999998882412,0.7150531812398667,0.7250701015782285,-0.7603360665008866,-0.7762557001433698,0.1498474792049283,0.1141988870870777,-0.0010274384336523999,-0.0010336244487519,0.7150531812398667
30,macro_spread_baa,42,0.0,False,1276,1095,0.2305900621118012,23.05900621118013,0.2789855072463768,27.898550724637683,-0.001035379315758,-0.000714344880425,-0.0059999998882412,-0.0059999998882412,0.7124545601195617,0.8041836465161528,-0.7516173973442482,-0.5769627806883781,0.1325660068686341,0.1138900581107588,-0.0008748620980915,-0.001035379315758,0.7124545601195617
5,control_63_eventos,42,0.0,False,1814,1746,0.24128545087365,24.128545087365,0.2779329608938548,27.79329608938548,-0.0010421007149353,-0.0009888211935474,-0.0059999998882412,-0.0059999998882412,0.7083773948316224,0.7399555265654721,-0.856982510547313,-0.8429684772301397,0.1332283576008231,0.1463398695028346,-0.0010154609542413501,-0.0010421007149353,0.7083773948316224
5,macro_nasdaq100,42,0.0005,False,984,1432,0.2352852171281585,23.528521712815856,0.2789057490916862,27.890574909168624,-0.0010422334049334,-0.000871904910236,-0.0059999998882412,-0.0059999998882412,0.7078941814007509,0.7697004288193279,-0.6611956800041627,-0.7415943920081419,0.1318320032973991,0.1325468276159594,-0.0009570691575847,-0.0010422334049334,0.7078941814007509
15,macro_completo,42,0.00025,False,1144,1140,0.2523041474654378,25.23041474654378,0.2869043652115961,28.69043652115961,-0.0010427905878753,-0.0009931398823575,-0.0059999998882412,-0.0059999998882412,0.7099417016931535,0.7356677457163256,-0.7167485087927168,-0.6977886557692095,0.1414410857416057,0.1318197755262522,-0.0010179652351163999,-0.0010427905878753,0.7099417016931535
5,control_63_eventos,42,0.00025,False,1621,1360,0.24128545087365,24.128545087365,0.2779329608938548,27.79329608938548,-0.0010461158314056,-0.0007468305122685,-0.0059999998882412,-0.0059999998882412,0.7075970548292233,0.7979281497070612,-0.8263856953862277,-0.6631632135473973,0.1278327261583928,0.1351646927581633,-0.00089647317183705,-0.0010461158314056,0.7075970548292233
15,macro_rendimiento_real,42,0.0,False,1662,1399,0.2313564298297122,23.135642982971227,0.2746403835908364,27.46403835908364,-0.0009548288560706,-0.0010509895858018,-0.0059999998882412,-0.0059999998882412,0.7350741563246418,0.7218395391765006,-0.8111394198025457,-0.7840951504292768,0.1737701438249123,0.1181219535767091,-0.0010029092209362,-0.0010509895858018,0.7218395391765006
10,macro_nasdaq100,42,0.0,False,1096,1923,0.2320403947670415,23.20403947670416,0.3022138680033417,30.221386800334173,-0.0008812055472042,-0.0010545715067958,-0.0059999998882412,-0.0059999998882412,0.744668332284349,0.7271503141842471,-0.6556753160130937,-0.8780517667815761,0.1214367685288558,0.114241798791362,-0.0009678885269999999,-0.0010545715067958,0.7271503141842471
5,control_63_eventos,42,0.001,False,1079,637,0.24128545087365,24.128545087365,0.2779329608938548,27.79329608938548,-0.0010591075772528,-0.0009999645748929,-0.0059999998882412,-0.0059999998882412,0.7016525491926066,0.7326928520295692,-0.694325061435506,-0.5000255344545994,0.1194716192801002,0.1453038090921681,-0.00102953607607285,-0.0010591075772528,0.7016525491926066
30,macro_rendimiento_real,42,0.0005,False,1197,1237,0.2301273605621431,23.012736056214315,0.2640926640926641,26.409266409266408,-0.0010125925553455,-0.0010639878995922,-0.0059999998882412,-0.0059999998882412,0.7156693394769532,0.7162464154641239,-0.7140153400554505,-0.75186975019677,0.1474489590427941,0.1120956115122273,-0.00103829022746885,-0.0010639878995922,0.7156693394769532
5,macro_reservas_fed,42,0.00025,False,1545,1797,0.2329602470088768,23.29602470088769,0.2745639213954515,27.456392139545155,-0.0010654593541201,-0.0010643526905122,-0.0059999998882412,-0.0059999998882412,0.7069210529892282,0.7212634545548163,-0.8199917789373093,-0.8588033457406505,0.1425520324859119,0.1128704492198929,-0.0010649060223161498,-0.0010654593541201,0.7069210529892282
5,macro_reservas_fed,42,0.001,False,1060,964,0.2329602470088768,23.29602470088769,0.2745639213954515,27.456392139545155,-0.0009679119363977,-0.0010660100365423,-0.0059999998882412,-0.0059999998882412,0.726984327160753,0.71375872637287,-0.655352768860171,-0.6710476532186986,0.1237277771652409,0.1362485665656244,-0.00101696098647,-0.0010660100365423,0.71375872637287
10,macro_spread_baa,42,0.0,False,1409,1249,0.2423292273236282,24.232922732362823,0.2704081632653061,27.040816326530614,-0.0010663543941615,-0.0009800925162097,-0.0059999998882412,-0.0059999998882412,0.7037274438021806,0.7398701238901525,-0.7908372076738028,-0.7186421729836809,0.1221837809282135,0.1189644589573393,-0.0010232234551856,-0.0010663543941615,0.7037274438021806
5,macro_nasdaq100,42,0.001,False,835,991,0.2352852171281585,23.528521712815856,0.2789057490916862,27.890574909168624,-0.001066725081412,-0.0009248111205367,-0.0059999998882412,-0.0059999998882412,0.7014942339727164,0.7547406374369164,-0.6054230020685876,-0.6341793274305214,0.145114611674097,0.13951026692097,-0.00099576810097435,-0.001066725081412,0.7014942339727164
10,macro_spread_baa,42,0.00025,False,1232,926,0.2423292273236282,24.232922732362823,0.2704081632653061,27.040816326530614,-0.0010668928184123,-0.0010017277197519,-0.0059999998882412,-0.0059999998882412,0.7018516080492283,0.7338342834199036,-0.7442560645212306,-0.6163676430567524,0.1142710980811125,0.1250583487519773,-0.0010343102690821,-0.0010668928184123,0.7018516080492283
10,macro_dolar,42,0.0005,False,1210,1060,0.2344972333524136,23.44972333524137,0.2701582516955539,27.01582516955539,-0.0010686530628537,-0.0008150582071848,-0.0059999998882412,-0.0059999998882412,0.7051618498478133,0.7801966421063974,-0.7397981131465612,-0.59015429772874,0.1227561898691778,0.1170789432595144,-0.00094185563501925,-0.0010686530628537,0.7051618498478133
5,macro_vix,42,0.0,False,1667,2402,0.2262786442450117,22.627864424501176,0.2637875101378751,26.37875101378751,-0.0010695669295413,-0.0009382368853357,-0.0059999998882412,-0.0059999998882412,0.7008736596717547,0.7533195739110664,-0.8388400585506222,-0.9012565541748232,0.1391778096846788,0.1280985143062014,-0.0010039019074385,-0.0010695669295413,0.7008736596717547
30,macro_rendimiento_real,42,0.0,False,1496,1555,0.2301273605621431,23.012736056214315,0.2640926640926641,26.409266409266408,-0.0010257313347823,-0.0010743074186884,-0.0059999998882412,-0.0059999998882412,0.7143577009372275,0.7157494710468877,-0.7966341867774656,-0.818067542310646,0.1484088961179983,0.1082979817860978,-0.00105001937673535,-0.0010743074186884,0.7143577009372275
15,macro_completo,42,0.001,False,839,704,0.2523041474654378,25.23041474654378,0.2869043652115961,28.69043652115961,-0.0010744777670063,-0.0009809782432242,-0.0059999998882412,-0.0059999998882412,0.7016562427194702,0.7351874943344098,-0.6128884960549459,-0.5287116734637074,0.1345213605664688,0.1410250468175483,-0.0010277280051152501,-0.0010744777670063,0.7016562427194702
30,macro_completo,42,0.00025,False,577,1079,0.271047227926078,27.10472279260781,0.2766143106457243,27.66143106457243,-0.0005655933479716,-0.0010857458658886,-0.0059999998882412,-0.0059999998882412,0.8316255067501341,0.7137543430978114,-0.3227868499499485,-0.7136284404451847,0.1527250642636561,0.1234658435597335,-0.0008256696069300999,-0.0010857458658886,0.7137543430978114
15,macro_completo,42,0.0,False,1243,1330,0.2523041474654378,25.23041474654378,0.2869043652115961,28.69043652115961,-0.0010026265976291,-0.0010868670390644,-0.0059999998882412,-0.0059999998882412,0.721361095947054,0.7146603307714662,-0.7319721017221338,-0.7782547193763825,0.1450335707353456,0.1286761477101335,-0.00104474681834675,-0.0010868670390644,0.7146603307714662
10,control_63_eventos,42,0.00025,False,1492,1194,0.2446148229280759,24.46148229280759,0.2902621722846442,29.02621722846441,-0.0010899412650554,-0.0008549983993724,-0.0059999998882412,-0.0059999998882412,0.6939676507830865,0.7703321987552982,-0.8127303085956825,-0.6657552905257111,0.1191466552557112,0.116597901830296,-0.0009724698322139,-0.0010899412650554,0.6939676507830865
5,macro_rendimiento_real,42,0.0,False,2212,1790,0.2354878163514912,23.548781635149123,0.2812197483059051,28.121974830590517,-0.0010913862836914,-0.0009467491577451,-0.0059999998882412,-0.0059999998882412,0.7038247872827225,0.7475971450923637,-0.9162324510220468,-0.8257715660169774,0.1805938846841645,0.1243052317592541,-0.00101906772071825,-0.0010913862836914,0.7038247872827225
15,macro_spread_baa,42,0.001,False,905,378,0.2334735576923076,23.347355769230766,0.28125,28.125,-0.0010949829906923,-0.001031051563426,-0.0059999998882412,-0.0059999998882412,0.695511776080721,0.7243372151712986,-0.6368806768718585,-0.3388581295986761,0.1458967301420138,0.1496345843113031,-0.00106301727705915,-0.0010949829906923,0.695511776080721
5,macro_completo,42,0.0005,False,1426,1097,0.2093807049571689,20.938070495716893,0.2820034799900571,28.200347999005714,-0.0010974285743835,-0.0009494203271128,-0.0059999998882412,-0.0059999998882412,0.6938288119749313,0.7458038404213945,-0.8148359384620344,-0.686376880695159,0.1324792117096057,0.137152486851003,-0.00102342445074815,-0.0010974285743835,0.6938288119749313
10,macro_rendimiento_real,42,0.0005,False,1294,1208,0.2182241072650157,21.822410726501573,0.278936545240893,27.893654524089307,-0.0010990177237527,-0.0010889372811275,-0.0059999998882412,-0.0059999998882412,0.6949280255896566,0.7110033518799654,-0.7727871178067851,-0.741236654845356,0.1579057807893008,0.1261762419747458,-0.0010939775024401,-0.0010990177237527,0.6949280255896566
10,macro_completo,42,0.0005,False,1151,999,0.2304761904761904,23.047619047619047,0.2816041848299913,28.160418482999127,-0.0010991966379495,-0.0007818092811135,-0.0059999998882412,-0.0059999998882412,0.6942721909047178,0.7854777163924126,-0.732707652816366,-0.5840534230072072,0.1460133016763768,0.1483095967605574,-0.0009405029595315,-0.0010991966379495,0.6942721909047178
15,macro_completo,42,0.0005,False,1035,986,0.2523041474654378,25.23041474654378,0.2869043652115961,28.69043652115961,-0.0011020860148961,-0.0010573294415834,-0.0059999998882412,-0.0059999998882412,0.696081507072403,0.7195896484685327,-0.6925789519126446,-0.6721373248872993,0.1337356222244755,0.1338926403288622,-0.0010797077282397498,-0.0011020860148961,0.696081507072403
30,macro_completo,42,0.0005,False,502,915,0.271047227926078,27.10472279260781,0.2766143106457243,27.66143106457243,-0.0003777448711683,-0.0011053543728451,-0.0059999998882412,-0.0059999998882412,0.8856919277998074,0.7097683596159896,-0.2480969511010583,-0.6533237665064527,0.1612721801086479,0.1293367420402679,-0.0007415496220067,-0.0011053543728451,0.7097683596159896
30,macro_rendimiento_real,42,0.001,False,927,966,0.2301273605621431,23.012736056214315,0.2640926640926641,26.409266409266408,-0.0008329889719758,-0.0011072347066128,-0.0059999998882412,-0.0059999998882412,0.7601421699335528,0.7076386111119607,-0.5548494430710031,-0.6904518839423047,0.1411288522484227,0.1178468652672853,-0.0009701118392943,-0.0011072347066128,0.7076386111119607
5,macro_vix,42,0.0005,False,1262,1659,0.2262786442450117,22.627864424501176,0.2637875101378751,26.37875101378751,-0.0011084277893806,-0.0008824022235092,-0.0059999998882412,-0.0059999998882412,0.6888125260845357,0.7645278593144816,-0.7619370995707421,-0.7811810971439955,0.134319566750662,0.1221616988682494,-0.0009954150064449,-0.0011084277893806,0.6888125260845357
10,macro_spread_baa,42,0.001,False,810,415,0.2423292273236282,24.232922732362823,0.2704081632653061,27.040816326530614,-0.000860430943486,-0.0011104404993077,-0.0059999998882412,-0.0059999998882412,0.7525306845126554,0.7048745644491261,-0.524081044986739,-0.3920779155754509,0.118372103656696,0.1632546133643266,-0.00098543572139685,-0.0011104404993077,0.7048745644491261
10,macro_spread_baa,42,0.0005,False,1095,693,0.2423292273236282,24.232922732362823,0.2704081632653061,27.040816326530614,-0.0011105562241569,-0.000836804067407,-0.0059999998882412,-0.0059999998882412,0.6907389278546859,0.7714933065700178,-0.7169820689014244,-0.4474308731205202,0.1091911658749122,0.1339187681159576,-0.0009736801457819501,-0.0011105562241569,0.6907389278546859
15,macro_rendimiento_real,42,0.001,False,1070,832,0.2313564298297122,23.135642982971227,0.2746403835908364,27.46403835908364,-0.0007524716056007,-0.0011181560039203,-0.0059999998882412,-0.0059999998882412,0.7812543309773126,0.700573880137937,-0.5762491755058576,-0.6308677339549036,0.1804157531780185,0.1368707805841901,-0.0009353138047605,-0.0011181560039203,0.700573880137937
5,macro_dolar,42,0.001,False,1401,699,0.2188853595148715,21.88853595148715,0.283389687235841,28.338968723584102,-0.0011023399395272,-0.0011200176770511,-0.0059999998882412,-0.0059999998882412,0.6897007866571773,0.7074141439044688,-0.79438946985509,-0.5579941229883991,0.1264966101959891,0.1401803406055139,-0.00111117880828915,-0.0011200176770511,0.6897007866571773
5,macro_dolar,42,0.00025,False,1898,1423,0.2188853595148715,21.88853595148715,0.283389687235841,28.338968723584102,-0.0011206204819965,-0.001078290480476,-0.0059999998882412,-0.0059999998882412,0.6904414875296895,0.7189443262749429,-0.886473220355908,-0.8048909006114062,0.1485915272123914,0.1252772003115323,-0.00109945548123625,-0.0011206204819965,0.6904414875296895
5,macro_completo,42,0.001,False,1237,808,0.2093807049571689,20.938070495716893,0.2820034799900571,28.200347999005714,-0.0011208670086684,-0.0009062130439435,-0.0059999998882412,-0.0059999998882412,0.6855326720427998,0.7559832540094795,-0.769349825315552,-0.5703839562924965,0.1243498837236419,0.1525738197195306,-0.0010135400263059499,-0.0011208670086684,0.6855326720427998
5,macro_vix,42,0.00025,False,1459,2022,0.2262786442450117,22.627864424501176,0.2637875101378751,26.37875101378751,-0.0011215388821562,-0.000967145052841,-0.0059999998882412,-0.0059999998882412,0.6866968833775785,0.7455072670898676,-0.8133951354093041,-0.8673131225147286,0.1366432226172177,0.1174395235051373,-0.0010443419674986,-0.0011215388821562,0.6866968833775785
15,macro_rendimiento_real,42,0.0005,False,1329,1058,0.2313564298297122,23.135642982971227,0.2746403835908364,27.46403835908364,-0.0007964590965588,-0.0011238163820912,-0.0059999998882412,-0.0059999998882412,0.7722634236235134,0.7008468344308381,-0.675244230734148,-0.7117030631440333,0.1815147833826299,0.1287512009377516,-0.000960137739325,-0.0011238163820912,0.7008468344308381
5,macro_dolar,42,0.0005,False,1724,1130,0.2188853595148715,21.88853595148715,0.283389687235841,28.338968723584102,-0.0011268940836527,-0.0010959308722043,-0.0059999998882412,-0.0059999998882412,0.6858926284745818,0.7147625650655336,-0.8629809851637863,-0.7356165355889803,0.1365936965534137,0.1252452551537939,-0.0011114124779285002,-0.0011268940836527,0.6858926284745818
5,macro_rendimiento_real,42,0.00025,False,2048,1562,0.2354878163514912,23.548781635149123,0.2812197483059051,28.121974830590517,-0.0011307327146542,-0.0009642780497403,-0.0059999998882412,-0.0059999998882412,0.6935254308163978,0.7426997239822914,-0.9095602097147854,-0.7893092563887922,0.1825393746393258,0.1293584014972132,-0.00104750538219725,-0.0011307327146542,0.6935254308163978
30,macro_spread_baa,42,0.001,False,725,387,0.2305900621118012,23.05900621118013,0.2789855072463768,27.898550724637683,-0.0011328258001514,-0.0008668648881356,-0.0059999998882412,-0.0059999998882412,0.6872854172278631,0.7629338934228235,-0.5819562819319806,-0.3262502422148684,0.1215295802119004,0.1631737125337875,-0.0009998453441435,-0.0011328258001514,0.6872854172278631
5,macro_rendimiento_real,42,0.0005,False,1890,1371,0.2354878163514912,23.548781635149123,0.2812197483059051,28.121974830590517,-0.001139659753107,-0.0008407065945727,-0.0059999998882412,-0.0059999998882412,0.6904906540524145,0.7712900453157356,-0.8946929268306694,-0.6990662790502995,0.1820603144656827,0.1318886703425863,-0.00099018317383985,-0.001139659753107,0.6904906540524145
30,macro_completo,42,0.001,False,376,624,0.271047227926078,27.10472279260781,0.2766143106457243,27.66143106457243,-0.0004733841387177,-0.0011415171956791,-0.0059999998882412,-0.0059999998882412,0.8605428810778628,0.7009763162033579,-0.2156605068796503,-0.5327258655118875,0.1688197010461194,0.1520525331004013,-0.0008074506671984,-0.0011415171956791,0.7009763162033579
5,macro_completo,42,0.0,False,1644,1506,0.2093807049571689,20.938070495716893,0.2820034799900571,28.200347999005714,-0.0011571110164495,-0.0009433112691189,-0.0059999998882412,-0.0059999998882412,0.683723068487714,0.7483834561353567,-0.8576035037052004,-0.7685964884013528,0.1389334724631841,0.1161818657941802,-0.0010502111427842,-0.0011571110164495,0.683723068487714
5,macro_completo,42,0.00025,False,1537,1269,0.2093807049571689,20.938070495716893,0.2820034799900571,28.200347999005714,-0.0011576931705626,-0.0008516015064056,-0.0059999998882412,-0.0059999998882412,0.6816990818524449,0.7703674421259524,-0.8413862443149847,-0.6814492802499954,0.1350027552309676,0.1282878105209602,-0.0010046473384841001,-0.0011576931705626,0.6816990818524449
10,macro_dolar,42,0.001,False,947,625,0.2344972333524136,23.44972333524137,0.2701582516955539,27.01582516955539,-0.0011689695012686,-0.0009555486238095,-0.0059999998882412,-0.0059999998882412,0.6755340236107673,0.7438013331843626,-0.6790944718021821,-0.4631559566532153,0.121363708959985,0.1380397898287983,-0.00106225906253905,-0.0011689695012686,0.6755340236107673
10,macro_rendimiento_real,42,0.001,False,1009,945,0.2182241072650157,21.822410726501573,0.278936545240893,27.893654524089307,-0.0010546070076643,-0.0011691491277789,-0.0059999998882412,-0.0059999998882412,0.701013301266645,0.691180592880635,-0.6719304522512837,-0.6795703883502033,0.1399919048118008,0.1376622696420215,-0.0011118780677216,-0.0011691491277789,0.691180592880635
5,macro_dolar,42,0.0,False,2064,1759,0.2188853595148715,21.88853595148715,0.283389687235841,28.338968723584102,-0.0011807163405158,-0.0008654160800827,-0.0059999998882412,-0.0059999998882412,0.6790800200770022,0.7690449805617173,-0.9170593935331756,-0.81200249169106,0.1485445684750619,0.1219399837945311,-0.00102306621029925,-0.0011807163405158,0.6790800200770022
5,macro_spread_baa,42,0.0,False,1565,1317,0.2326632030720578,23.26632030720578,0.2633879781420765,26.33879781420765,-0.0011894819200458,-0.0008755772700205,-0.0059999998882412,-0.0059999998882412,0.6793456213700334,0.7649054452871893,-0.858782142234348,-0.6984876105721359,0.1481968351723112,0.126931259344172,-0.00103252959503315,-0.0011894819200458,0.6793456213700334
10,control_63_eventos,42,0.0,False,1681,1494,0.2446148229280759,24.46148229280759,0.2902621722846442,29.02621722846441,-0.0011988348650909,-0.0010057931861784,-0.0059999998882412,-0.0059999998882412,0.6671650484241866,0.735401657904442,-0.8724858342512878,-0.8002862311371033,0.1300119294873742,0.1098212389252307,-0.0011023140256346499,-0.0011988348650909,0.6671650484241866
5,macro_spread_baa,42,0.001,False,937,476,0.2326632030720578,23.26632030720578,0.2633879781420765,26.33879781420765,-0.0012095912668771,-0.0010966229717348,-0.0059999998882412,-0.0059999998882412,0.6703160212554562,0.7073797450922528,-0.6957423498636519,-0.4401599024360932,0.1191554911084344,0.1553404165890696,-0.00115310711930595,-0.0012095912668771,0.6703160212554562
5,macro_vix,42,0.001,False,953,1118,0.2262786442450117,22.627864424501176,0.2637875101378751,26.37875101378751,-0.0010681239407344,-0.001209744402552,-0.0059999998882412,-0.0059999998882412,0.6939630695095652,0.6858469629846544,-0.6567128006398835,-0.755286050174389,0.1099868484884116,0.1305052351119952,-0.0011389341716432,-0.001209744402552,0.6858469629846544
5,macro_spread_baa,42,0.0005,False,1210,777,0.2326632030720578,23.26632030720578,0.2633879781420765,26.33879781420765,-0.0012099249605762,-0.0009937590667683,-0.0059999998882412,-0.0059999998882412,0.6718896216203777,0.7340196364527216,-0.7800943327335024,-0.5709184216859359,0.1293967884864532,0.1421260981711189,-0.00110184201367225,-0.0012099249605762,0.6718896216203777
10,macro_completo,42,0.001,False,960,785,0.2304761904761904,23.047619047619047,0.2816041848299913,28.160418482999127,-0.0012273371711841,-0.0009392063661228,-0.0059999998882412,-0.0059999998882412,0.6628470064383923,0.745631399954343,-0.7144457007117744,-0.5674359010822171,0.1520422437308494,0.1584393180253596,-0.0010832717686534502,-0.0012273371711841,0.6628470064383923
10,macro_rendimiento_real,42,0.00025,False,1470,1341,0.2182241072650157,21.822410726501573,0.278936545240893,27.893654524089307,-0.00122755324585,-0.0010110363973849,-0.0059999998882412,-0.0059999998882412,0.6672359318972071,0.7304539624206261,-0.8449075297376151,-0.7522720974386534,0.1601127571762981,0.1255237086331748,-0.0011192948216174501,-0.00122755324585,0.6672359318972071
5,macro_reservas_fed,42,0.0005,False,1389,1490,0.2329602470088768,23.29602470088769,0.2745639213954515,27.456392139545155,-0.0010212780610561,-0.0012276391359782,-0.0059999998882412,-0.0059999998882412,0.7151377148565998,0.6811216100299851,-0.7684467849865594,-0.8443525066770545,0.1397192038716161,0.1169888968797539,-0.00112445859851715,-0.0012276391359782,0.6811216100299851
5,macro_rendimiento_real,42,0.001,False,1586,1059,0.2354878163514912,23.548781635149123,0.2812197483059051,28.121974830590517,-0.0012369150384435,-0.0010534803356706,-0.0059999998882412,-0.0059999998882412,0.6671656894437953,0.7172132238339958,-0.8658098356471455,-0.6809638481505877,0.1735137434365718,0.14974449132179,-0.0011451976870570498,-0.0012369150384435,0.6671656894437953
10,macro_rendimiento_real,42,0.0,False,1668,1490,0.2182241072650157,21.822410726501573,0.278936545240893,27.893654524089307,-0.0012705412941882,-0.0010455155123086,-0.0059999998882412,-0.0059999998882412,0.6572332555099151,0.7226608730575259,-0.8851345679262169,-0.8024947347128142,0.1567355462798463,0.125692165206613,-0.0011580284032484001,-0.0012705412941882,0.6572332555099151
5,macro_spread_baa,42,0.00025,False,1396,1003,0.2326632030720578,23.26632030720578,0.2633879781420765,26.33879781420765,-0.0012839205671311,-0.0009906633150975,-0.0059999998882412,-0.0059999998882412,0.655358042208506,0.7356903090076832,-0.8442533159162897,-0.6485444284748136,0.1421732074252698,0.1313996594320998,-0.0011372919411143001,-0.0012839205671311,0.655358042208506
